,ACRE,ALAGOAS,AMAZONAS,AMAPA,BAHIA,CEARA,DISTRITO FEDERAL,ESPIRITO SANTO,GOIAS,MARANHAO,MINAS GERAIS,MATO GROSSO DO SUL,MATO GROSSO,PARA,PARAIBA,PERNAMBUCO,PIAUI,PARANA,RIO DE JANEIRO,RIO GRANDE DO NORTE,RONDONIA,RORAIMA,RIO GRANDE DO SUL,SANTA CATARINA,SERGIPE,SAO PAULO,TOCANTINS
1575428400,0.0,0.0,208.0,0.0,290.0,0.0,0.0,0.0,29.0,3.0,336.0,538.0,633.0,8.0,0.0,0.0,0.0,89.0,0.0,0.0,0.0,1.0,0.0,0.0,0.0,43.0,1090.0
1575429000,0.0,0.0,204.0,0.0,247.0,0.0,0.0,0.0,46.0,21.0,298.0,412.0,751.0,5.0,0.0,0.0,0.0,108.0,0.0,0.0,0.0,0.0,0.0,0.0,0.0,36.0,1212.0
1575429600,1.0,0.0,176.0,0.0,230.0,0.0,0.0,0.0,51.0,22.0,264.0,378.0,778.0,1.0,0.0,0.0,0.0,112.0,0.0,0.0,0.0,0.0,0.0,0.0,0.0,34.0,1167.0
1575430200,0.0,0.0,126.0,0.0,223.0,0.0,0.0,0.0,62.0,30.0,323.0,456.0,759.0,3.0,0.0,0.0,0.0,130.0,0.0,0.0,0.0,0.0,0.0,0.0,0.0,34.0,1116.0
1575430800,0.0,0.0,92.0,0.0,234.0,0.0,0.0,0.0,55.0,26.0,283.0,589.0,771.0,1.0,0.0,0.0,0.0,114.0,0.0,0.0,0.0,2.0,0.0,1.0,0.0,16.0,1125.0
1575431400,0.0,0.0,76.0,0.0,211.0,0.0,0.0,0.0,62.0,41.0,266.0,533.0,735.0,1.0,0.0,0.0,1.0,116.0,0.0,0.0,0.0,0.0,0.0,0.0,0.0,23.0,1193.0
1575432000,0.0,0.0,50.0,0.0,180.0,0.0,0.0,0.0,57.0,69.0,296.0,401.0,765.0,8.0,0.0,0.0,0.0,136.0,0.0,0.0,0.0,0.0,0.0,0.0,0.0,15.0,1215.0
1575432600,0.0,0.0,48.0,0.0,195.0,0.0,0.0,0.0,63.0,34.0,239.0,227.0,847.0,8.0,0.0,0.0,0.0,196.0,0.0,0.0,0.0,1.0,0.0,0.0,0.0,16.0,1416.0
1575433200,2.0,0.0,43.0,0.0,172.0,0.0,0.0,0.0,69.0,13.0,234.0,122.0,692.0,8.0,0.0,0.0,0.0,189.0,0.0,0.0,0.0,0.0,0.0,0.0,0.0,10.0,1271.0
1575433800,0.0,0.0,34.0,0.0,175.0,0.0,0.0,0.0,71.0,17.0,238.0,78.0,602.0,9.0,0.0,0.0,7.0,208.0,0.0,0.0,0.0,0.0,2.0,0.0,0.0,4.0,994.0
1575434400,0.0,0.0,27.0,0.0,159.0,0.0,0.0,0.0,79.0,22.0,211.0,57.0,555.0,21.0,0.0,0.0,14.0,178.0,0.0,0.0,0.0,0.0,0.0,0.0,0.0,1.0,845.0
1575435000,0.0,0.0,60.0,0.0,155.0,0.0,0.0,0.0,89.0,53.0,229.0,60.0,448.0,43.0,0.0,0.0,7.0,177.0,0.0,0.0,0.0,0.0,0.0,0.0,0.0,0.0,848.0
1575435600,0.0,0.0,65.0,0.0,146.0,0.0,0.0,0.0,110.0,68.0,240.0,36.0,503.0,52.0,0.0,0.0,8.0,111.0,0.0,0.0,0.0,0.0,0.0,0.0,0.0,0.0,775.0
1575436200,0.0,0.0,37.0,0.0,104.0,0.0,0.0,0.0,109.0,70.0,236.0,32.0,479.0,25.0,0.0,0.0,8.0,113.0,0.0,0.0,0.0,0.0,1.0,0.0,0.0,0.0,644.0
1575436800,0.0,0.0,40.0,0.0,105.0,0.0,0.0,0.0,127.0,95.0,209.0,42.0,338.0,31.0,0.0,0.0,4.0,78.0,0.0,0.0,0.0,0.0,2.0,0.0,0.0,0.0,612.0
1575437400,0.0,0.0,47.0,0.0,90.0,0.0,0.0,0.0,117.0,160.0,196.0,36.0,250.0,29.0,0.0,0.0,4.0,57.0,0.0,0.0,0.0,0.0,0.0,0.0,0.0,0.0,652.0
1575438000,0.0,0.0,36.0,0.0,69.0,0.0,0.0,0.0,92.0,179.0,201.0,57.0,236.0,28.0,0.0,0.0,7.0,54.0,0.0,0.0,0.0,0.0,0.0,0.0,0.0,0.0,701.0
1575438600,0.0,0.0,23.0,0.0,90.0,0.0,0.0,0.0,97.0,62.0,159.0,60.0,195.0,25.0,0.0,0.0,9.0,56.0,0.0,0.0,0.0,0.0,0.0,0.0,0.0,0.0,671.0
1575439200,0.0,0.0,19.0,0.0,48.0,0.0,0.0,0.0,94.0,33.0,151.0,40.0,183.0,54.0,0.0,0.0,2.0,80.0,0.0,0.0,0.0,0.0,0.0,0.0,0.0,0.0,596.0
1575439800,0.0,0.0,15.0,0.0,64.0,0.0,0.0,0.0,82.0,21.0,144.0,47.0,186.0,87.0,0.0,0.0,8.0,84.0,0.0,0.0,0.0,0.0,0.0,0.0,0.0,0.0,588.0
1575440400,0.0,0.0,15.0,0.0,94.0,0.0,0.0,0.0,82.0,15.0,142.0,88.0,195.0,98.0,0.0,0.0,18.0,103.0,0.0,0.0,0.0,0.0,0.0,0.0,0.0,0.0,564.0
1575441000,0.0,0.0,8.0,0.0,118.0,0.0,0.0,0.0,63.0,21.0,136.0,46.0,152.0,85.0,0.0,0.0,29.0,148.0,0.0,0.0,0.0,0.0,0.0,6.0,0.0,0.0,552.0
1575441600,0.0,0.0,7.0,0.0,126.0,0.0,0.0,0.0,67.0,45.0,109.0,26.0,110.0,122.0,0.0,0.0,69.0,99.0,0.0,0.0,0.0,0.0,0.0,4.0,0.0,0.0,492.0
1575442200,0.0,0.0,8.0,0.0,106.0,0.0,0.0,0.0,54.0,17.0,92.0,51.0,117.0,133.0,0.0,0.0,97.0,64.0,0.0,0.0,0.0,0.0,0.0,9.0,0.0,2.0,458.0
1575442800,0.0,0.0,2.0,0.0,97.0,0.0,0.0,0.0,40.0,19.0,87.0,70.0,105.0,109.0,0.0,0.0,143.0,57.0,0.0,0.0,0.0,0.0,0.0,7.0,0.0,1.0,551.0
1575443400,0.0,0.0,2.0,0.0,96.0,0.0,0.0,0.0,44.0,17.0,65.0,55.0,93.0,107.0,0.0,0.0,159.0,75.0,0.0,0.0,0.0,0.0,0.0,5.0,0.0,0.0,513.0
1575444000,0.0,0.0,3.0,0.0,109.0,0.0,0.0,0.0,35.0,46.0,63.0,48.0,87.0,127.0,0.0,0.0,240.0,99.0,0.0,0.0,0.0,0.0,0.0,1.0,0.0,0.0,455.0
1575444600,0.0,0.0,9.0,0.0,132.0,0.0,0.0,0.0,35.0,45.0,62.0,14.0,77.0,135.0,0.0,0.0,333.0,137.0,0.0,0.0,0.0,0.0,0.0,3.0,0.0,0.0,377.0
1575445200,0.0,0.0,12.0,1.0,150.0,0.0,0.0,0.0,37.0,25.0,52.0,4.0,75.0,164.0,0.0,0.0,423.0,266.0,0.0,0.0,0.0,0.0,0.0,2.0,0.0,0.0,389.0
1575445800,0.0,0.0,9.0,0.0,126.0,0.0,0.0,0.0,34.0,12.0,38.0,6.0,69.0,170.0,0.0,0.0,479.0,159.0,0.0,0.0,0.0,0.0,0.0,4.0,0.0,0.0,375.0
1575446400,0.0,0.0,21.0,0.0,124.0,0.0,0.0,0.0,24.0,4.0,33.0,4.0,54.0,183.0,0.0,0.0,436.0,135.0,0.0,0.0,0.0,0.0,0.0,4.0,0.0,0.0,331.0
1575447000,0.0,0.0,35.0,2.0,121.0,0.0,0.0,0.0,37.0,5.0,45.0,19.0,61.0,176.0,0.0,0.0,478.0,123.0,0.0,0.0,0.0,0.0,0.0,2.0,0.0,0.0,380.0
1575447600,0.0,0.0,20.0,0.0,95.0,0.0,0.0,0.0,24.0,7.0,57.0,13.0,71.0,183.0,0.0,0.0,467.0,172.0,0.0,0.0,0.0,0.0,0.0,0.0,0.0,0.0,348.0
1575448200,0.0,0.0,11.0,1.0,97.0,0.0,0.0,0.0,21.0,9.0,35.0,10.0,58.0,221.0,0.0,0.0,407.0,142.0,0.0,0.0,0.0,0.0,3.0,2.0,0.0,0.0,333.0
1575448800,0.0,0.0,16.0,0.0,81.0,0.0,0.0,0.0,27.0,8.0,28.0,2.0,56.0,258.0,0.0,0.0,366.0,100.0,0.0,0.0,0.0,0.0,34.0,0.0,0.0,0.0,330.0
1575449400,0.0,0.0,41.0,0.0,66.0,0.0,0.0,0.0,29.0,5.0,28.0,7.0,57.0,209.0,0.0,0.0,369.0,91.0,0.0,0.0,0.0,0.0,37.0,1.0,0.0,0.0,334.0
1575450000,0.0,0.0,41.0,0.0,54.0,0.0,0.0,0.0,35.0,2.0,32.0,0.0,68.0,161.0,0.0,0.0,345.0,116.0,0.0,0.0,0.0,0.0,3.0,1.0,0.0,0.0,337.0
1575450600,0.0,0.0,64.0,0.0,53.0,0.0,0.0,0.0,21.0,0.0,36.0,0.0,64.0,117.0,0.0,0.0,346.0,88.0,0.0,0.0,0.0,0.0,32.0,0.0,0.0,0.0,407.0
1575451200,0.0,0.0,67.0,0.0,53.0,0.0,0.0,0.0,20.0,2.0,31.0,0.0,60.0,124.0,0.0,0.0,326.0,109.0,0.0,0.0,0.0,0.0,81.0,2.0,0.0,0.0,361.0
1575451800,0.0,0.0,69.0,0.0,55.0,0.0,0.0,0.0,19.0,0.0,22.0,0.0,71.0,135.0,0.0,0.0,319.0,136.0,0.0,0.0,0.0,0.0,92.0,3.0,0.0,0.0,335.0
1575452400,0.0,0.0,73.0,0.0,65.0,0.0,0.0,0.0,26.0,1.0,24.0,0.0,74.0,152.0,0.0,0.0,317.0,137.0,0.0,0.0,0.0,0.0,48.0,5.0,0.0,0.0,288.0
1575453000,0.0,0.0,114.0,0.0,66.0,0.0,0.0,0.0,18.0,5.0,18.0,0.0,82.0,184.0,0.0,0.0,353.0,188.0,0.0,0.0,0.0,0.0,27.0,1.0,0.0,0.0,248.0
1575453600,0.0,0.0,133.0,0.0,61.0,0.0,0.0,0.0,26.0,20.0,12.0,0.0,82.0,200.0,0.0,0.0,292.0,226.0,0.0,0.0,0.0,0.0,27.0,7.0,0.0,0.0,252.0
1575454200,0.0,0.0,156.0,0.0,49.0,0.0,0.0,0.0,25.0,17.0,10.0,0.0,82.0,203.0,0.0,0.0,332.0,165.0,0.0,0.0,0.0,0.0,13.0,6.0,0.0,0.0,204.0
1575454800,0.0,0.0,143.0,0.0,44.0,0.0,0.0,0.0,40.0,27.0,7.0,0.0,95.0,198.0,0.0,0.0,308.0,157.0,0.0,0.0,0.0,0.0,37.0,14.0,0.0,0.0,187.0
1575455400,0.0,0.0,124.0,0.0,55.0,0.0,0.0,0.0,35.0,18.0,4.0,0.0,93.0,229.0,0.0,0.0,320.0,106.0,0.0,0.0,0.0,0.0,23.0,23.0,0.0,0.0,152.0
1575456000,0.0,0.0,159.0,0.0,54.0,0.0,0.0,0.0,29.0,13.0,6.0,0.0,99.0,217.0,0.0,0.0,307.0,99.0,0.0,0.0,0.0,0.0,4.0,12.0,0.0,0.0,152.0
1575456600,0.0,0.0,161.0,0.0,36.0,0.0,0.0,0.0,29.0,47.0,5.0,0.0,91.0,211.0,0.0,0.0,314.0,115.0,0.0,0.0,0.0,0.0,15.0,10.0,0.0,0.0,169.0
1575457200,0.0,0.0,165.0,0.0,45.0,0.0,0.0,0.0,33.0,32.0,10.0,0.0,83.0,214.0,0.0,0.0,276.0,113.0,0.0,0.0,0.0,0.0,10.0,16.0,0.0,0.0,172.0
1575457800,0.0,0.0,168.0,0.0,39.0,0.0,0.0,0.0,34.0,19.0,8.0,0.0,102.0,208.0,0.0,0.0,291.0,94.0,0.0,0.0,0.0,0.0,9.0,16.0,0.0,0.0,252.0
1575458400,0.0,0.0,122.0,0.0,29.0,0.0,0.0,0.0,33.0,16.0,6.0,0.0,88.0,194.0,0.0,0.0,353.0,68.0,0.0,0.0,0.0,0.0,4.0,5.0,0.0,0.0,287.0
1575459000,0.0,0.0,88.0,0.0,29.0,0.0,0.0,0.0,31.0,21.0,5.0,0.0,72.0,154.0,0.0,0.0,380.0,64.0,0.0,0.0,0.0,0.0,2.0,4.0,0.0,0.0,194.0
1575459600,0.0,0.0,103.0,0.0,20.0,0.0,0.0,0.0,29.0,16.0,5.0,0.0,57.0,171.0,0.0,0.0,400.0,56.0,0.0,0.0,0.0,0.0,15.0,5.0,0.0,0.0,173.0
1575460200,0.0,0.0,132.0,0.0,18.0,0.0,0.0,0.0,34.0,7.0,8.0,0.0,69.0,136.0,0.0,0.0,379.0,57.0,0.0,0.0,0.0,0.0,13.0,7.0,0.0,0.0,85.0
1575460800,0.0,0.0,97.0,0.0,14.0,0.0,0.0,0.0,32.0,14.0,3.0,0.0,75.0,131.0,0.0,0.0,383.0,46.0,0.0,0.0,0.0,0.0,11.0,8.0,0.0,0.0,59.0
1575461400,0.0,0.0,76.0,0.0,6.0,0.0,0.0,0.0,24.0,12.0,1.0,0.0,58.0,123.0,0.0,0.0,442.0,33.0,0.0,0.0,0.0,0.0,8.0,8.0,0.0,0.0,56.0
1575462000,0.0,0.0,94.0,0.0,14.0,0.0,0.0,0.0,27.0,20.0,0.0,2.0,65.0,151.0,0.0,0.0,402.0,35.0,0.0,0.0,0.0,0.0,3.0,9.0,0.0,0.0,71.0
1575462600,0.0,0.0,112.0,0.0,11.0,0.0,0.0,0.0,20.0,24.0,0.0,2.0,65.0,126.0,0.0,0.0,327.0,41.0,0.0,0.0,0.0,0.0,1.0,2.0,0.0,0.0,48.0
1575463200,0.0,0.0,99.0,0.0,8.0,0.0,0.0,0.0,33.0,15.0,0.0,2.0,99.0,125.0,0.0,0.0,302.0,38.0,0.0,0.0,0.0,0.0,7.0,2.0,0.0,0.0,48.0
1575463800,0.0,0.0,81.0,0.0,4.0,0.0,0.0,0.0,39.0,10.0,0.0,5.0,60.0,102.0,0.0,0.0,280.0,25.0,0.0,0.0,0.0,0.0,8.0,6.0,0.0,0.0,44.0
1575464400,0.0,0.0,77.0,0.0,6.0,0.0,0.0,0.0,43.0,11.0,0.0,1.0,56.0,107.0,0.0,0.0,359.0,35.0,0.0,0.0,0.0,0.0,7.0,3.0,0.0,0.0,54.0
1575465000,0.0,0.0,80.0,0.0,8.0,0.0,0.0,0.0,58.0,37.0,0.0,1.0,59.0,86.0,0.0,0.0,342.0,33.0,0.0,0.0,0.0,0.0,11.0,2.0,0.0,0.0,54.0
1575465600,0.0,0.0,73.0,0.0,7.0,0.0,0.0,0.0,55.0,65.0,0.0,1.0,42.0,83.0,0.0,0.0,342.0,41.0,0.0,0.0,0.0,0.0,13.0,8.0,0.0,0.0,57.0
1575466200,0.0,0.0,73.0,0.0,5.0,0.0,0.0,0.0,54.0,88.0,0.0,2.0,34.0,75.0,0.0,0.0,396.0,31.0,0.0,0.0,0.0,0.0,0.0,1.0,0.0,0.0,43.0
1575466800,0.0,0.0,63.0,0.0,5.0,0.0,0.0,0.0,42.0,80.0,0.0,10.0,33.0,75.0,0.0,0.0,356.0,26.0,0.0,0.0,0.0,0.0,0.0,3.0,0.0,0.0,45.0
1575467400,0.0,0.0,136.0,1.0,4.0,0.0,0.0,0.0,84.0,143.0,0.0,21.0,37.0,117.0,0.0,0.0,665.0,63.0,0.0,0.0,0.0,0.0,0.0,4.0,0.0,0.0,62.0
1575468000,0.0,0.0,89.0,1.0,1.0,0.0,0.0,0.0,37.0,119.0,0.0,18.0,24.0,54.0,0.0,0.0,277.0,30.0,0.0,0.0,0.0,0.0,7.0,0.0,0.0,0.0,21.0
1575468600,0.0,0.0,78.0,0.0,3.0,0.0,0.0,0.0,30.0,136.0,0.0,18.0,19.0,60.0,0.0,0.0,239.0,40.0,0.0,0.0,0.0,0.0,4.0,0.0,0.0,0.0,33.0
1575469200,0.0,0.0,56.0,0.0,1.0,0.0,0.0,0.0,19.0,149.0,0.0,41.0,18.0,56.0,0.0,0.0,218.0,29.0,0.0,0.0,0.0,0.0,0.0,0.0,0.0,0.0,28.0
1575469800,0.0,0.0,59.0,0.0,0.0,0.0,0.0,0.0,18.0,141.0,0.0,30.0,18.0,61.0,0.0,0.0,237.0,27.0,0.0,0.0,0.0,0.0,0.0,0.0,0.0,0.0,31.0
1575470400,0.0,0.0,55.0,0.0,0.0,0.0,0.0,0.0,32.0,143.0,0.0,25.0,9.0,58.0,0.0,0.0,261.0,30.0,0.0,0.0,0.0,0.0,0.0,0.0,0.0,0.0,40.0
1575471000,0.0,0.0,57.0,0.0,0.0,0.0,0.0,0.0,15.0,159.0,0.0,38.0,10.0,50.0,0.0,0.0,247.0,23.0,0.0,0.0,0.0,0.0,0.0,0.0,0.0,0.0,44.0
1575471600,0.0,0.0,50.0,0.0,0.0,0.0,0.0,0.0,12.0,189.0,0.0,40.0,3.0,65.0,0.0,0.0,274.0,21.0,0.0,0.0,0.0,0.0,0.0,1.0,0.0,0.0,33.0
1575472200,0.0,0.0,35.0,0.0,0.0,0.0,0.0,0.0,9.0,198.0,0.0,40.0,7.0,47.0,0.0,0.0,272.0,18.0,0.0,0.0,0.0,0.0,0.0,0.0,0.0,0.0,41.0
1575472800,0.0,0.0,56.0,0.0,2.0,0.0,2.0,0.0,6.0,217.0,0.0,121.0,11.0,30.0,0.0,0.0,206.0,23.0,0.0,0.0,0.0,0.0,0.0,0.0,0.0,0.0,39.0
1575473400,0.0,0.0,52.0,0.0,1.0,0.0,1.0,0.0,12.0,186.0,0.0,201.0,24.0,25.0,0.0,0.0,155.0,17.0,0.0,0.0,0.0,0.0,0.0,0.0,0.0,0.0,38.0
1575474000,0.0,0.0,53.0,0.0,1.0,0.0,2.0,0.0,10.0,190.0,0.0,132.0,26.0,23.0,0.0,0.0,124.0,9.0,0.0,0.0,0.0,0.0,0.0,0.0,0.0,0.0,41.0
1575474600,0.0,0.0,97.0,0.0,1.0,0.0,1.0,0.0,11.0,221.0,0.0,174.0,24.0,33.0,0.0,0.0,76.0,6.0,0.0,0.0,0.0,0.0,0.0,1.0,0.0,0.0,50.0
1575475200,0.0,0.0,104.0,0.0,3.0,0.0,3.0,0.0,9.0,261.0,0.0,147.0,25.0,25.0,0.0,0.0,46.0,1.0,0.0,0.0,0.0,0.0,0.0,0.0,0.0,0.0,48.0
1575475800,0.0,0.0,77.0,0.0,0.0,0.0,1.0,0.0,14.0,333.0,2.0,131.0,29.0,30.0,0.0,0.0,29.0,1.0,0.0,0.0,0.0,0.0,0.0,0.0,0.0,0.0,49.0
1575476400,0.0,0.0,70.0,0.0,0.0,0.0,2.0,0.0,20.0,367.0,3.0,206.0,26.0,31.0,0.0,0.0,8.0,3.0,0.0,0.0,0.0,0.0,0.0,0.0,0.0,0.0,51.0
1575477000,0.0,0.0,85.0,2.0,0.0,0.0,6.0,0.0,12.0,323.0,0.0,219.0,29.0,38.0,0.0,0.0,7.0,5.0,0.0,0.0,0.0,0.0,0.0,2.0,0.0,0.0,70.0
1575477600,0.0,0.0,127.0,2.0,1.0,0.0,18.0,0.0,11.0,349.0,0.0,140.0,26.0,29.0,0.0,0.0,6.0,10.0,0.0,0.0,0.0,0.0,0.0,3.0,0.0,0.0,133.0
1575478200,0.0,0.0,122.0,2.0,1.0,0.0,7.0,0.0,12.0,304.0,4.0,74.0,43.0,35.0,0.0,0.0,5.0,16.0,0.0,0.0,0.0,0.0,0.0,2.0,0.0,0.0,118.0
1575478800,0.0,0.0,96.0,0.0,0.0,0.0,2.0,0.0,11.0,329.0,6.0,76.0,44.0,48.0,0.0,0.0,3.0,14.0,0.0,0.0,0.0,0.0,0.0,1.0,0.0,0.0,158.0
1575479400,0.0,0.0,98.0,4.0,0.0,0.0,5.0,0.0,18.0,377.0,8.0,153.0,44.0,78.0,0.0,0.0,1.0,21.0,0.0,0.0,0.0,0.0,1.0,1.0,0.0,0.0,170.0
1575480000,0.0,0.0,99.0,2.0,0.0,0.0,5.0,0.0,27.0,289.0,21.0,158.0,50.0,185.0,0.0,0.0,2.0,21.0,0.0,0.0,0.0,0.0,1.0,1.0,0.0,0.0,277.0
1575480600,0.0,0.0,101.0,1.0,0.0,0.0,6.0,0.0,44.0,264.0,35.0,195.0,82.0,221.0,0.0,0.0,2.0,15.0,0.0,0.0,0.0,0.0,0.0,0.0,0.0,2.0,331.0
1575481200,0.0,0.0,100.0,2.0,0.0,0.0,2.0,0.0,45.0,261.0,38.0,235.0,121.0,225.0,0.0,0.0,1.0,19.0,0.0,0.0,0.0,0.0,0.0,1.0,0.0,5.0,293.0
1575481800,0.0,0.0,82.0,1.0,0.0,0.0,0.0,0.0,62.0,246.0,32.0,322.0,252.0,190.0,0.0,0.0,2.0,26.0,0.0,0.0,0.0,0.0,0.0,4.0,0.0,4.0,288.0
1575482400,0.0,0.0,121.0,1.0,0.0,0.0,1.0,0.0,67.0,268.0,44.0,344.0,333.0,266.0,0.0,0.0,2.0,14.0,0.0,0.0,0.0,0.0,0.0,5.0,0.0,18.0,300.0
1575483000,0.0,0.0,160.0,5.0,3.0,0.0,0.0,0.0,64.0,195.0,42.0,357.0,382.0,344.0,0.0,0.0,0.0,25.0,0.0,0.0,0.0,0.0,0.0,2.0,0.0,18.0,322.0
1575483600,0.0,0.0,239.0,2.0,10.0,0.0,0.0,0.0,53.0,188.0,40.0,374.0,598.0,370.0,0.0,0.0,0.0,25.0,0.0,0.0,0.0,0.0,0.0,1.0,0.0,17.0,302.0
1575484200,0.0,0.0,230.0,5.0,7.0,0.0,0.0,0.0,60.0,214.0,60.0,382.0,795.0,370.0,0.0,0.0,0.0,27.0,0.0,0.0,19.0,0.0,0.0,0.0,0.0,24.0,322.0
1575484800,0.0,0.0,201.0,7.0,4.0,0.0,0.0,0.0,57.0,259.0,62.0,318.0,813.0,331.0,0.0,0.0,2.0,20.0,0.0,0.0,12.0,0.0,3.0,0.0,0.0,27.0,300.0
1575485400,0.0,0.0,299.0,5.0,6.0,0.0,0.0,0.0,103.0,267.0,70.0,312.0,888.0,411.0,0.0,0.0,5.0,39.0,0.0,0.0,2.0,0.0,3.0,2.0,0.0,15.0,326.0
1575486000,0.0,0.0,350.0,3.0,5.0,0.0,0.0,0.0,133.0,254.0,66.0,340.0,1012.0,489.0,0.0,0.0,13.0,65.0,0.0,0.0,4.0,0.0,13.0,1.0,0.0,20.0,287.0
1575486600,1.0,0.0,378.0,10.0,6.0,0.0,0.0,0.0,117.0,239.0,65.0,306.0,1066.0,599.0,0.0,0.0,16.0,82.0,0.0,0.0,7.0,0.0,38.0,0.0,0.0,38.0,315.0
1575487200,0.0,0.0,102.0,4.0,4.0,0.0,0.0,0.0,26.0,54.0,26.0,110.0,297.0,177.0,0.0,0.0,4.0,41.0,0.0,0.0,1.0,0.0,14.0,0.0,0.0,17.0,72.0
1575487800,0.0,0.0,342.0,11.0,2.0,0.0,5.0,0.0,114.0,160.0,76.0,307.0,1084.0,446.0,0.0,0.0,19.0,110.0,0.0,0.0,20.0,0.0,72.0,0.0,0.0,35.0,250.0
1575488400,4.0,0.0,430.0,12.0,6.0,0.0,3.0,0.0,204.0,229.0,128.0,456.0,1423.0,666.0,0.0,0.0,30.0,174.0,0.0,0.0,27.0,0.0,69.0,0.0,0.0,40.0,311.0
1575489000,2.0,0.0,482.0,9.0,17.0,0.0,3.0,0.0,186.0,224.0,156.0,540.0,1723.0,631.0,0.0,0.0,17.0,201.0,0.0,0.0,54.0,0.0,146.0,0.0,0.0,37.0,292.0
1575489600,6.0,0.0,525.0,34.0,15.0,0.0,3.0,0.0,219.0,227.0,137.0,592.0,1646.0,751.0,0.0,0.0,17.0,241.0,0.0,0.0,117.0,0.0,269.0,0.0,0.0,36.0,264.0
1575490200,3.0,0.0,590.0,58.0,23.0,0.0,32.0,0.0,274.0,251.0,150.0,555.0,1664.0,802.0,0.0,0.0,14.0,243.0,0.0,0.0,96.0,0.0,266.0,0.0,0.0,36.0,258.0
1575490800,2.0,0.0,525.0,44.0,11.0,0.0,22.0,0.0,240.0,235.0,139.0,413.0,1461.0,672.0,0.0,0.0,15.0,236.0,0.0,0.0,138.0,0.0,284.0,0.0,0.0,28.0,219.0
1575491400,5.0,0.0,509.0,26.0,8.0,0.0,26.0,0.0,138.0,217.0,119.0,333.0,1142.0,505.0,0.0,0.0,11.0,134.0,0.0,0.0,178.0,1.0,199.0,0.0,0.0,42.0,169.0
1575492000,1.0,0.0,72.0,2.0,0.0,0.0,1.0,0.0,12.0,21.0,9.0,30.0,122.0,65.0,0.0,0.0,3.0,19.0,0.0,0.0,16.0,0.0,20.0,0.0,0.0,4.0,22.0
1575492600,0.0,0.0,28.0,4.0,0.0,0.0,1.0,0.0,3.0,4.0,6.0,20.0,60.0,38.0,0.0,0.0,1.0,11.0,0.0,0.0,8.0,0.0,8.0,0.0,0.0,3.0,13.0
1575493200,2.0,0.0,139.0,14.0,4.0,0.0,4.0,0.0,33.0,49.0,20.0,98.0,250.0,116.0,0.0,0.0,3.0,38.0,0.0,0.0,46.0,0.0,51.0,1.0,0.0,11.0,63.0
1575493800,2.0,0.0,421.0,37.0,12.0,0.0,4.0,0.0,90.0,83.0,63.0,212.0,611.0,308.0,0.0,0.0,12.0,89.0,0.0,0.0,141.0,0.0,105.0,1.0,0.0,16.0,156.0
1575494400,6.0,0.0,414.0,23.0,12.0,0.0,3.0,0.0,97.0,93.0,65.0,174.0,577.0,258.0,0.0,0.0,14.0,74.0,0.0,0.0,101.0,0.0,96.0,0.0,0.0,10.0,157.0
1575495000,1.0,0.0,41.0,2.0,2.0,0.0,1.0,0.0,11.0,14.0,9.0,17.0,41.0,25.0,0.0,0.0,3.0,5.0,0.0,0.0,14.0,0.0,10.0,0.0,0.0,6.0,18.0
1575495600,0.0,0.0,142.0,12.0,4.0,0.0,0.0,0.0,26.0,29.0,36.0,50.0,138.0,72.0,0.0,0.0,13.0,18.0,0.0,0.0,38.0,0.0,37.0,0.0,0.0,6.0,41.0
1575496200,4.0,0.0,235.0,14.0,9.0,0.0,0.0,0.0,43.0,47.0,24.0,98.0,228.0,142.0,0.0,0.0,19.0,39.0,0.0,0.0,75.0,1.0,65.0,0.0,0.0,10.0,56.0
1575496800,4.0,0.0,212.0,13.0,5.0,0.0,0.0,0.0,32.0,42.0,25.0,89.0,177.0,134.0,0.0,0.0,19.0,26.0,0.0,0.0,61.0,0.0,55.0,0.0,0.0,14.0,46.0
1575497400,3.0,0.0,201.0,13.0,9.0,0.0,0.0,0.0,37.0,54.0,24.0,95.0,189.0,133.0,0.0,0.0,21.0,20.0,0.0,0.0,50.0,0.0,53.0,1.0,0.0,13.0,34.0
1575498000,1.0,0.0,146.0,9.0,4.0,0.0,0.0,0.0,15.0,47.0,26.0,73.0,118.0,95.0,0.0,0.0,13.0,20.0,0.0,0.0,36.0,2.0,34.0,1.0,0.0,10.0,30.0
1575498600,0.0,0.0,328.0,20.0,9.0,0.0,3.0,0.0,50.0,91.0,36.0,166.0,321.0,232.0,0.0,0.0,30.0,29.0,0.0,0.0,70.0,1.0,52.0,0.0,0.0,15.0,60.0
1575499200,1.0,0.0,190.0,14.0,7.0,0.0,1.0,0.0,47.0,70.0,31.0,93.0,190.0,137.0,0.0,0.0,24.0,23.0,0.0,0.0,41.0,2.0,39.0,1.0,0.0,7.0,32.0
1575499800,1.0,0.0,394.0,20.0,38.0,0.0,0.0,0.0,83.0,141.0,50.0,161.0,307.0,209.0,0.0,0.0,61.0,26.0,0.0,0.0,44.0,1.0,92.0,2.0,0.0,31.0,52.0
1575500400,1.0,0.0,179.0,10.0,14.0,0.0,1.0,0.0,26.0,65.0,24.0,63.0,141.0,91.0,0.0,0.0,12.0,9.0,0.0,0.0,20.0,0.0,37.0,0.0,0.0,11.0,27.0
1575501000,3.0,0.0,1775.0,64.0,109.0,0.0,7.0,0.0,221.0,595.0,117.0,524.0,1384.0,1074.0,0.0,0.0,91.0,89.0,0.0,0.0,121.0,7.0,384.0,0.0,0.0,143.0,237.0
1575501600,7.0,0.0,1805.0,80.0,83.0,0.0,5.0,0.0,281.0,631.0,129.0,472.0,1397.0,959.0,0.0,0.0,62.0,69.0,0.0,0.0,145.0,11.0,351.0,2.0,0.0,179.0,191.0
1575502200,13.0,0.0,1591.0,77.0,109.0,0.0,8.0,0.0,272.0,661.0,159.0,496.0,1281.0,993.0,0.0,0.0,75.0,73.0,0.0,0.0,310.0,16.0,343.0,2.0,0.0,115.0,195.0
1575502800,17.0,0.0,1350.0,85.0,106.0,0.0,3.0,0.0,311.0,708.0,184.0,572.0,1385.0,884.0,0.0,0.0,80.0,59.0,0.0,0.0,326.0,10.0,320.0,10.0,0.0,133.0,152.0
1575503400,10.0,0.0,1193.0,110.0,121.0,0.0,1.0,0.0,431.0,871.0,144.0,534.0,1389.0,827.0,0.0,0.0,120.0,47.0,0.0,0.0,245.0,14.0,237.0,17.0,0.0,164.0,160.0
1575504000,14.0,0.0,1059.0,123.0,135.0,0.0,0.0,0.0,413.0,794.0,158.0,407.0,1494.0,858.0,0.0,0.0,142.0,41.0,0.0,0.0,152.0,8.0,171.0,24.0,0.0,179.0,116.0
1575504600,25.0,0.0,1053.0,132.0,120.0,0.0,3.0,0.0,435.0,783.0,174.0,344.0,1544.0,982.0,0.0,0.0,140.0,30.0,0.0,0.0,82.0,5.0,182.0,23.0,0.0,230.0,105.0
1575505200,34.0,0.0,1171.0,140.0,95.0,0.0,3.0,0.0,302.0,701.0,141.0,239.0,1700.0,990.0,0.0,0.0,147.0,46.0,0.0,0.0,74.0,12.0,146.0,23.0,0.0,261.0,123.0
1575505800,49.0,0.0,1089.0,138.0,71.0,0.0,1.0,0.0,290.0,646.0,103.0,226.0,1433.0,954.0,0.0,0.0,123.0,50.0,0.0,0.0,59.0,14.0,82.0,28.0,0.0,195.0,146.0
1575506400,42.0,0.0,1109.0,102.0,70.0,0.0,1.0,0.0,309.0,418.0,78.0,353.0,1078.0,1153.0,0.0,0.0,188.0,42.0,0.0,0.0,100.0,11.0,84.0,36.0,0.0,197.0,151.0
1575507000,25.0,0.0,1064.0,66.0,58.0,0.0,0.0,0.0,342.0,323.0,75.0,328.0,848.0,1255.0,0.0,0.0,218.0,46.0,0.0,0.0,64.0,12.0,55.0,34.0,0.0,217.0,79.0
1575507600,48.0,0.0,957.0,40.0,41.0,0.0,0.0,0.0,389.0,270.0,90.0,160.0,689.0,1169.0,0.0,0.0,249.0,58.0,0.0,0.0,61.0,7.0,51.0,48.0,0.0,190.0,65.0
1575508200,47.0,0.0,693.0,17.0,35.0,0.0,0.0,0.0,456.0,291.0,62.0,71.0,548.0,899.0,0.0,0.0,225.0,42.0,0.0,0.0,41.0,8.0,56.0,29.0,0.0,286.0,65.0
1575508800,35.0,0.0,642.0,11.0,26.0,0.0,0.0,0.0,407.0,229.0,71.0,55.0,457.0,771.0,0.0,0.0,208.0,43.0,0.0,0.0,22.0,23.0,34.0,31.0,0.0,306.0,74.0
1575509400,36.0,0.0,467.0,17.0,18.0,0.0,0.0,0.0,263.0,206.0,88.0,26.0,382.0,765.0,0.0,0.0,129.0,31.0,0.0,0.0,13.0,30.0,46.0,30.0,0.0,210.0,33.0
1575510000,45.0,0.0,388.0,22.0,21.0,0.0,0.0,0.0,265.0,255.0,65.0,38.0,260.0,660.0,0.0,0.0,104.0,55.0,0.0,0.0,18.0,11.0,39.0,35.0,0.0,160.0,32.0
1575510600,64.0,0.0,317.0,28.0,16.0,0.0,0.0,0.0,208.0,273.0,60.0,58.0,249.0,832.0,0.0,0.0,56.0,39.0,0.0,0.0,15.0,4.0,33.0,25.0,0.0,167.0,20.0
1575511200,92.0,0.0,269.0,16.0,11.0,0.0,0.0,0.0,195.0,348.0,47.0,37.0,190.0,748.0,0.0,0.0,36.0,10.0,0.0,0.0,21.0,6.0,20.0,36.0,0.0,148.0,8.0
1575511800,60.0,0.0,231.0,16.0,12.0,0.0,0.0,0.0,153.0,388.0,40.0,12.0,201.0,586.0,0.0,0.0,33.0,4.0,0.0,0.0,26.0,7.0,15.0,48.0,0.0,185.0,4.0
1575512400,108.0,0.0,247.0,27.0,12.0,0.0,0.0,0.0,157.0,338.0,38.0,21.0,198.0,621.0,0.0,0.0,41.0,3.0,0.0,0.0,18.0,5.0,20.0,37.0,0.0,170.0,7.0
1575513000,96.0,0.0,244.0,23.0,10.0,0.0,0.0,0.0,135.0,295.0,34.0,41.0,229.0,590.0,0.0,0.0,67.0,1.0,0.0,0.0,2.0,6.0,11.0,36.0,0.0,128.0,8.0
1575513600,70.0,0.0,203.0,21.0,19.0,0.0,0.0,0.0,105.0,207.0,24.0,18.0,222.0,512.0,0.0,0.0,45.0,1.0,0.0,0.0,4.0,2.0,11.0,35.0,0.0,129.0,2.0
1575514200,42.0,0.0,161.0,32.0,13.0,0.0,0.0,0.0,97.0,236.0,14.0,42.0,202.0,437.0,0.0,0.0,39.0,0.0,0.0,0.0,6.0,0.0,10.0,34.0,0.0,143.0,2.0
1575515400,39.0,0.0,110.0,59.0,21.0,0.0,0.0,0.0,76.0,229.0,25.0,54.0,130.0,361.0,0.0,0.0,6.0,2.0,0.0,0.0,36.0,0.0,9.0,12.0,0.0,121.0,1.0
1575516000,51.0,0.0,108.0,50.0,12.0,0.0,0.0,0.0,67.0,197.0,17.0,52.0,126.0,354.0,0.0,0.0,0.0,1.0,0.0,0.0,33.0,1.0,7.0,3.0,0.0,106.0,0.0
1575516600,46.0,0.0,138.0,37.0,9.0,0.0,0.0,0.0,70.0,204.0,13.0,82.0,109.0,313.0,0.0,0.0,0.0,10.0,0.0,0.0,23.0,0.0,9.0,4.0,0.0,106.0,0.0
1575517200,49.0,0.0,118.0,47.0,9.0,0.0,0.0,0.0,51.0,183.0,17.0,112.0,103.0,272.0,0.0,0.0,0.0,17.0,0.0,0.0,9.0,0.0,4.0,7.0,0.0,99.0,0.0
1575517800,39.0,0.0,83.0,36.0,10.0,0.0,0.0,0.0,47.0,169.0,4.0,136.0,83.0,280.0,0.0,0.0,0.0,21.0,0.0,0.0,2.0,0.0,2.0,7.0,0.0,119.0,0.0
1575519000,63.0,0.0,142.0,60.0,8.0,0.0,0.0,0.0,86.0,114.0,8.0,183.0,35.0,309.0,0.0,0.0,0.0,6.0,0.0,0.0,0.0,0.0,1.0,7.0,0.0,182.0,0.0
1575519600,36.0,0.0,131.0,70.0,4.0,0.0,0.0,0.0,50.0,83.0,11.0,232.0,16.0,323.0,0.0,0.0,5.0,8.0,0.0,0.0,0.0,0.0,1.0,0.0,0.0,132.0,0.0
1575520200,38.0,0.0,138.0,67.0,2.0,0.0,1.0,0.0,48.0,57.0,22.0,363.0,5.0,262.0,0.0,0.0,9.0,10.0,0.0,0.0,0.0,0.0,0.0,3.0,0.0,121.0,0.0
1575520800,55.0,0.0,139.0,49.0,2.0,0.0,1.0,0.0,43.0,41.0,6.0,554.0,10.0,284.0,0.0,0.0,21.0,3.0,0.0,0.0,0.0,0.0,0.0,1.0,0.0,122.0,0.0
1575521400,39.0,0.0,165.0,58.0,0.0,0.0,6.0,0.0,35.0,41.0,5.0,533.0,3.0,319.0,0.0,0.0,46.0,2.0,0.0,0.0,0.0,0.0,0.0,1.0,0.0,79.0,0.0
1575522600,32.0,0.0,192.0,65.0,0.0,0.0,5.0,0.0,39.0,23.0,2.0,636.0,4.0,270.0,0.0,0.0,51.0,30.0,0.0,0.0,0.0,0.0,0.0,4.0,0.0,40.0,0.0
1575523200,44.0,0.0,182.0,40.0,1.0,0.0,5.0,0.0,31.0,11.0,4.0,702.0,2.0,239.0,0.0,0.0,61.0,29.0,0.0,0.0,0.0,0.0,0.0,5.0,0.0,44.0,0.0
1575523800,53.0,0.0,153.0,28.0,0.0,0.0,6.0,0.0,43.0,10.0,10.0,719.0,0.0,232.0,0.0,0.0,63.0,19.0,0.0,0.0,0.0,0.0,0.0,0.0,0.0,47.0,0.0
1575524400,68.0,0.0,140.0,20.0,0.0,0.0,3.0,0.0,27.0,5.0,16.0,820.0,3.0,284.0,0.0,0.0,51.0,24.0,0.0,0.0,0.0,0.0,0.0,0.0,0.0,37.0,0.0
1575525000,58.0,0.0,116.0,14.0,0.0,0.0,5.0,0.0,22.0,10.0,15.0,1136.0,14.0,385.0,0.0,0.0,41.0,23.0,0.0,0.0,3.0,0.0,0.0,1.0,0.0,27.0,0.0
1575526200,26.0,0.0,72.0,2.0,0.0,0.0,12.0,0.0,13.0,5.0,7.0,1304.0,13.0,407.0,0.0,0.0,80.0,11.0,0.0,0.0,0.0,0.0,0.0,0.0,0.0,15.0,0.0
1575526800,30.0,0.0,48.0,2.0,0.0,0.0,7.0,0.0,10.0,2.0,3.0,1146.0,10.0,355.0,0.0,0.0,73.0,26.0,0.0,0.0,0.0,0.0,0.0,0.0,0.0,10.0,0.0
1575527400,28.0,0.0,38.0,0.0,0.0,0.0,9.0,0.0,8.0,0.0,1.0,1033.0,9.0,403.0,0.0,0.0,102.0,20.0,0.0,0.0,0.0,0.0,0.0,0.0,0.0,13.0,0.0
1575528000,26.0,0.0,51.0,0.0,0.0,0.0,3.0,0.0,17.0,4.0,0.0,983.0,3.0,420.0,0.0,0.0,91.0,9.0,0.0,0.0,0.0,0.0,1.0,0.0,0.0,17.0,0.0
1575528600,33.0,0.0,54.0,0.0,0.0,0.0,5.0,0.0,9.0,44.0,3.0,788.0,1.0,483.0,0.0,0.0,166.0,6.0,0.0,0.0,0.0,0.0,3.0,0.0,0.0,15.0,0.0
1575529800,78.0,0.0,96.0,0.0,0.0,0.0,3.0,0.0,4.0,39.0,3.0,822.0,1.0,749.0,0.0,0.0,176.0,10.0,0.0,0.0,2.0,0.0,0.0,0.0,0.0,0.0,0.0
1575530400,70.0,0.0,93.0,0.0,0.0,0.0,0.0,0.0,6.0,64.0,17.0,765.0,3.0,720.0,0.0,0.0,128.0,3.0,0.0,0.0,5.0,0.0,0.0,0.0,0.0,0.0,0.0
1575531000,75.0,0.0,57.0,1.0,0.0,0.0,0.0,0.0,2.0,92.0,10.0,778.0,1.0,473.0,0.0,0.0,102.0,6.0,0.0,0.0,3.0,0.0,0.0,0.0,0.0,2.0,0.0
1575531600,68.0,0.0,65.0,4.0,0.0,0.0,0.0,0.0,0.0,87.0,8.0,709.0,5.0,568.0,0.0,0.0,125.0,5.0,0.0,0.0,7.0,0.0,0.0,0.0,0.0,2.0,0.0
1575532200,56.0,0.0,90.0,0.0,0.0,0.0,0.0,0.0,1.0,78.0,3.0,697.0,4.0,704.0,0.0,0.0,87.0,1.0,0.0,0.0,13.0,0.0,0.0,0.0,0.0,8.0,0.0
1575533400,49.0,0.0,114.0,1.0,0.0,0.0,0.0,0.0,4.0,93.0,5.0,801.0,5.0,775.0,0.0,0.0,91.0,1.0,0.0,0.0,10.0,0.0,0.0,0.0,0.0,3.0,0.0
1575534000,38.0,0.0,165.0,1.0,1.0,0.0,0.0,0.0,2.0,94.0,5.0,785.0,1.0,715.0,0.0,0.0,73.0,2.0,0.0,0.0,11.0,0.0,1.0,0.0,0.0,1.0,0.0
1575534600,42.0,0.0,213.0,0.0,0.0,0.0,0.0,0.0,0.0,98.0,3.0,829.0,0.0,757.0,0.0,0.0,86.0,4.0,0.0,0.0,10.0,0.0,1.0,0.0,0.0,0.0,0.0
1575535200,20.0,0.0,213.0,0.0,0.0,0.0,0.0,0.0,2.0,80.0,5.0,829.0,1.0,1001.0,0.0,0.0,59.0,3.0,0.0,0.0,24.0,0.0,4.0,0.0,0.0,0.0,0.0
1575535800,21.0,0.0,213.0,0.0,0.0,0.0,0.0,0.0,0.0,113.0,5.0,780.0,0.0,963.0,0.0,0.0,44.0,7.0,0.0,0.0,13.0,0.0,0.0,0.0,0.0,0.0,0.0
1575537000,9.0,0.0,399.0,0.0,0.0,0.0,0.0,0.0,0.0,96.0,5.0,934.0,3.0,1123.0,0.0,0.0,19.0,1.0,0.0,0.0,12.0,0.0,0.0,0.0,0.0,0.0,0.0
1575537600,7.0,0.0,513.0,0.0,0.0,0.0,0.0,0.0,0.0,77.0,3.0,1002.0,2.0,1003.0,0.0,0.0,25.0,9.0,0.0,0.0,12.0,0.0,0.0,0.0,0.0,0.0,0.0
1575538200,5.0,0.0,517.0,0.0,0.0,0.0,0.0,0.0,0.0,56.0,3.0,950.0,6.0,1045.0,0.0,0.0,63.0,15.0,0.0,0.0,24.0,0.0,0.0,0.0,0.0,0.0,0.0
1575538800,2.0,0.0,546.0,0.0,0.0,0.0,0.0,0.0,0.0,63.0,2.0,805.0,9.0,1022.0,0.0,0.0,75.0,20.0,0.0,0.0,26.0,0.0,0.0,0.0,0.0,0.0,0.0
1575539400,0.0,0.0,590.0,0.0,0.0,0.0,0.0,0.0,0.0,49.0,1.0,706.0,6.0,728.0,0.0,0.0,69.0,40.0,0.0,0.0,23.0,0.0,0.0,0.0,0.0,0.0,0.0
1575540600,1.0,0.0,678.0,0.0,0.0,0.0,0.0,0.0,0.0,49.0,0.0,523.0,11.0,805.0,0.0,0.0,52.0,68.0,0.0,0.0,35.0,0.0,0.0,0.0,0.0,0.0,0.0
1575541200,2.0,0.0,650.0,0.0,0.0,0.0,0.0,0.0,0.0,56.0,0.0,474.0,23.0,834.0,0.0,0.0,51.0,67.0,0.0,0.0,16.0,0.0,0.0,0.0,0.0,0.0,0.0
1575541800,0.0,0.0,669.0,0.0,0.0,0.0,0.0,0.0,0.0,50.0,0.0,446.0,13.0,677.0,0.0,0.0,96.0,73.0,0.0,0.0,40.0,0.0,0.0,0.0,0.0,0.0,0.0
1575542400,1.0,0.0,561.0,0.0,0.0,0.0,0.0,0.0,0.0,43.0,2.0,473.0,14.0,486.0,0.0,0.0,149.0,67.0,0.0,0.0,21.0,0.0,0.0,0.0,0.0,0.0,0.0
1575543000,1.0,0.0,516.0,0.0,0.0,0.0,0.0,0.0,0.0,37.0,0.0,430.0,14.0,473.0,0.0,0.0,121.0,52.0,0.0,0.0,21.0,0.0,0.0,0.0,0.0,0.0,0.0
1575544200,0.0,0.0,587.0,0.0,0.0,0.0,0.0,0.0,0.0,37.0,0.0,354.0,21.0,599.0,0.0,0.0,30.0,54.0,0.0,0.0,10.0,0.0,0.0,2.0,0.0,0.0,0.0
1575544800,1.0,0.0,567.0,0.0,0.0,0.0,0.0,0.0,0.0,23.0,1.0,271.0,7.0,583.0,0.0,0.0,22.0,45.0,0.0,0.0,5.0,0.0,0.0,7.0,0.0,0.0,0.0
1575545400,0.0,0.0,598.0,0.0,0.0,0.0,0.0,0.0,0.0,19.0,0.0,237.0,10.0,464.0,0.0,0.0,17.0,50.0,0.0,0.0,1.0,0.0,1.0,7.0,0.0,1.0,0.0
1575546000,0.0,0.0,511.0,0.0,0.0,0.0,0.0,0.0,0.0,15.0,0.0,189.0,12.0,461.0,0.0,0.0,14.0,47.0,0.0,0.0,0.0,0.0,0.0,5.0,0.0,0.0,0.0
1575546600,0.0,0.0,449.0,0.0,0.0,0.0,0.0,0.0,0.0,12.0,0.0,190.0,7.0,430.0,0.0,0.0,9.0,47.0,0.0,0.0,0.0,0.0,3.0,0.0,0.0,4.0,0.0
1575547800,0.0,0.0,498.0,0.0,0.0,0.0,0.0,0.0,0.0,3.0,0.0,172.0,27.0,278.0,0.0,0.0,3.0,37.0,0.0,0.0,0.0,0.0,0.0,0.0,0.0,14.0,0.0
1575548400,0.0,0.0,493.0,0.0,0.0,0.0,0.0,0.0,0.0,3.0,0.0,184.0,32.0,313.0,0.0,0.0,1.0,33.0,0.0,0.0,0.0,0.0,1.0,0.0,0.0,9.0,0.0
1575549000,0.0,0.0,507.0,0.0,0.0,0.0,0.0,0.0,0.0,6.0,0.0,200.0,22.0,369.0,0.0,0.0,0.0,14.0,0.0,0.0,0.0,0.0,0.0,0.0,0.0,19.0,0.0
1575549600,0.0,0.0,566.0,0.0,0.0,0.0,0.0,0.0,0.0,3.0,0.0,192.0,22.0,441.0,0.0,0.0,0.0,7.0,0.0,0.0,0.0,0.0,0.0,0.0,0.0,21.0,0.0
1575550200,0.0,0.0,573.0,0.0,0.0,0.0,0.0,0.0,0.0,0.0,0.0,143.0,21.0,470.0,0.0,0.0,0.0,12.0,0.0,0.0,0.0,0.0,0.0,0.0,0.0,20.0,0.0
1575551400,0.0,0.0,525.0,0.0,0.0,0.0,0.0,0.0,0.0,0.0,0.0,129.0,27.0,238.0,0.0,0.0,1.0,14.0,0.0,0.0,0.0,0.0,0.0,0.0,0.0,7.0,0.0
1575552000,0.0,0.0,488.0,0.0,0.0,0.0,0.0,0.0,0.0,0.0,0.0,108.0,27.0,225.0,0.0,0.0,3.0,10.0,0.0,0.0,0.0,0.0,0.0,0.0,0.0,9.0,0.0
1575552600,0.0,0.0,463.0,0.0,0.0,0.0,0.0,0.0,0.0,0.0,0.0,112.0,20.0,244.0,0.0,0.0,1.0,8.0,0.0,0.0,0.0,0.0,1.0,0.0,0.0,6.0,0.0
1575553200,0.0,0.0,409.0,0.0,0.0,0.0,0.0,0.0,0.0,0.0,0.0,105.0,29.0,274.0,0.0,0.0,1.0,15.0,0.0,0.0,0.0,0.0,0.0,0.0,0.0,3.0,0.0
1575553800,0.0,0.0,402.0,0.0,0.0,0.0,0.0,0.0,0.0,0.0,0.0,97.0,28.0,258.0,0.0,0.0,0.0,12.0,0.0,0.0,0.0,0.0,0.0,0.0,0.0,7.0,0.0
1575555000,0.0,0.0,303.0,0.0,0.0,0.0,0.0,0.0,0.0,1.0,0.0,81.0,29.0,288.0,0.0,0.0,2.0,10.0,0.0,0.0,0.0,0.0,0.0,1.0,0.0,4.0,0.0
1575555600,0.0,0.0,249.0,0.0,0.0,0.0,0.0,0.0,0.0,0.0,0.0,71.0,11.0,259.0,0.0,0.0,3.0,7.0,0.0,0.0,0.0,0.0,0.0,1.0,0.0,3.0,0.0
1575556200,0.0,0.0,216.0,0.0,0.0,0.0,0.0,0.0,0.0,0.0,0.0,52.0,14.0,236.0,0.0,0.0,3.0,11.0,0.0,0.0,0.0,0.0,0.0,1.0,0.0,3.0,0.0
1575556800,0.0,0.0,224.0,0.0,0.0,0.0,0.0,0.0,0.0,0.0,0.0,62.0,24.0,262.0,0.0,0.0,1.0,8.0,0.0,0.0,0.0,0.0,0.0,0.0,0.0,1.0,0.0
1575557400,0.0,0.0,203.0,0.0,0.0,0.0,0.0,0.0,0.0,0.0,0.0,45.0,25.0,244.0,0.0,0.0,0.0,11.0,0.0,0.0,0.0,0.0,0.0,0.0,0.0,2.0,0.0
1575558600,0.0,0.0,153.0,0.0,0.0,0.0,0.0,0.0,0.0,0.0,0.0,54.0,22.0,224.0,0.0,0.0,0.0,12.0,0.0,0.0,0.0,0.0,0.0,0.0,0.0,10.0,0.0
1575559200,0.0,0.0,126.0,0.0,0.0,0.0,0.0,0.0,0.0,0.0,0.0,61.0,21.0,211.0,0.0,0.0,0.0,8.0,0.0,0.0,0.0,0.0,0.0,0.0,0.0,7.0,0.0
1575559800,0.0,0.0,117.0,0.0,0.0,0.0,0.0,0.0,0.0,0.0,0.0,58.0,8.0,199.0,0.0,0.0,0.0,10.0,0.0,0.0,0.0,0.0,0.0,0.0,0.0,13.0,0.0
1575560400,0.0,0.0,126.0,0.0,0.0,0.0,0.0,0.0,0.0,0.0,0.0,48.0,12.0,168.0,0.0,0.0,0.0,10.0,0.0,0.0,0.0,0.0,0.0,1.0,0.0,6.0,0.0
1575561000,0.0,0.0,110.0,0.0,0.0,0.0,0.0,0.0,0.0,0.0,0.0,54.0,18.0,145.0,0.0,0.0,0.0,10.0,0.0,0.0,0.0,0.0,0.0,0.0,0.0,15.0,0.0
1575562200,0.0,0.0,98.0,0.0,0.0,0.0,0.0,0.0,0.0,0.0,0.0,65.0,70.0,101.0,0.0,0.0,0.0,4.0,0.0,0.0,0.0,0.0,0.0,0.0,0.0,41.0,0.0
1575562800,0.0,0.0,110.0,0.0,0.0,0.0,0.0,0.0,0.0,0.0,0.0,70.0,66.0,65.0,0.0,0.0,0.0,3.0,0.0,0.0,0.0,0.0,0.0,0.0,0.0,114.0,0.0
1575563400,0.0,0.0,149.0,0.0,1.0,0.0,0.0,0.0,0.0,0.0,0.0,55.0,55.0,62.0,0.0,0.0,0.0,5.0,0.0,0.0,0.0,0.0,0.0,0.0,0.0,103.0,0.0
1575564000,0.0,0.0,183.0,0.0,3.0,0.0,0.0,0.0,0.0,0.0,0.0,58.0,78.0,75.0,0.0,0.0,0.0,10.0,0.0,0.0,0.0,0.0,0.0,0.0,0.0,97.0,0.0
1575564600,0.0,0.0,172.0,0.0,5.0,0.0,0.0,0.0,2.0,0.0,0.0,84.0,127.0,64.0,0.0,0.0,0.0,7.0,0.0,0.0,9.0,0.0,0.0,0.0,0.0,128.0,0.0
1575565800,0.0,0.0,235.0,0.0,1.0,0.0,0.0,0.0,1.0,0.0,8.0,93.0,427.0,95.0,0.0,0.0,0.0,3.0,0.0,0.0,23.0,0.0,0.0,1.0,0.0,264.0,0.0
1575566400,0.0,0.0,217.0,1.0,0.0,0.0,0.0,0.0,1.0,0.0,10.0,114.0,584.0,95.0,0.0,0.0,0.0,18.0,0.0,0.0,49.0,0.0,0.0,0.0,0.0,273.0,0.0
1575567000,0.0,0.0,194.0,0.0,9.0,0.0,0.0,0.0,0.0,0.0,10.0,107.0,726.0,113.0,0.0,0.0,0.0,16.0,0.0,0.0,73.0,0.0,0.0,0.0,0.0,280.0,0.0
1575567600,0.0,0.0,195.0,0.0,10.0,0.0,2.0,0.0,0.0,0.0,7.0,172.0,999.0,131.0,0.0,0.0,0.0,18.0,0.0,0.0,53.0,0.0,0.0,0.0,0.0,249.0,0.0
1575568200,0.0,0.0,248.0,1.0,5.0,0.0,1.0,0.0,11.0,0.0,32.0,253.0,975.0,198.0,0.0,0.0,0.0,25.0,0.0,0.0,65.0,0.0,0.0,0.0,0.0,253.0,0.0
1575569400,0.0,0.0,501.0,0.0,2.0,0.0,2.0,0.0,9.0,0.0,35.0,301.0,1302.0,363.0,0.0,0.0,0.0,19.0,0.0,0.0,197.0,0.0,0.0,0.0,0.0,213.0,2.0
1575570000,0.0,0.0,457.0,0.0,0.0,0.0,0.0,0.0,38.0,0.0,24.0,292.0,1384.0,494.0,0.0,0.0,0.0,28.0,0.0,0.0,230.0,0.0,0.0,0.0,0.0,230.0,5.0
1575570600,0.0,0.0,400.0,1.0,0.0,0.0,0.0,0.0,61.0,0.0,22.0,311.0,1401.0,598.0,0.0,0.0,0.0,20.0,0.0,0.0,262.0,0.0,0.0,0.0,0.0,233.0,1.0
1575571200,0.0,0.0,463.0,1.0,0.0,0.0,0.0,0.0,104.0,0.0,17.0,308.0,1416.0,644.0,0.0,0.0,0.0,18.0,0.0,0.0,218.0,0.0,0.0,0.0,0.0,283.0,2.0
1575571800,0.0,0.0,488.0,1.0,0.0,0.0,0.0,0.0,140.0,0.0,39.0,313.0,1404.0,733.0,0.0,0.0,0.0,4.0,0.0,0.0,237.0,0.0,0.0,0.0,0.0,347.0,7.0
1575573000,1.0,0.0,818.0,10.0,0.0,0.0,1.0,0.0,150.0,2.0,100.0,422.0,1397.0,692.0,0.0,0.0,0.0,2.0,0.0,0.0,380.0,0.0,0.0,1.0,0.0,375.0,26.0
1575573600,8.0,0.0,922.0,8.0,0.0,0.0,8.0,1.0,209.0,10.0,132.0,384.0,1370.0,776.0,0.0,0.0,0.0,1.0,0.0,0.0,427.0,0.0,0.0,0.0,0.0,352.0,43.0
1575574200,16.0,0.0,847.0,9.0,0.0,0.0,10.0,0.0,269.0,12.0,194.0,397.0,1374.0,838.0,0.0,0.0,0.0,1.0,0.0,0.0,572.0,2.0,0.0,0.0,0.0,363.0,89.0
1575574800,28.0,0.0,790.0,5.0,1.0,0.0,1.0,1.0,279.0,6.0,192.0,363.0,1383.0,759.0,0.0,0.0,0.0,1.0,0.0,0.0,520.0,10.0,0.0,0.0,0.0,431.0,142.0
1575575400,37.0,0.0,907.0,5.0,3.0,0.0,2.0,0.0,267.0,3.0,231.0,404.0,1391.0,785.0,0.0,0.0,0.0,0.0,0.0,0.0,557.0,17.0,0.0,0.0,0.0,450.0,150.0
1575576600,51.0,0.0,968.0,5.0,0.0,0.0,0.0,0.0,155.0,8.0,263.0,343.0,1809.0,937.0,0.0,0.0,0.0,3.0,0.0,0.0,754.0,42.0,0.0,1.0,0.0,486.0,63.0
1575577200,52.0,0.0,1007.0,5.0,2.0,0.0,2.0,1.0,182.0,12.0,308.0,334.0,1781.0,876.0,0.0,0.0,0.0,1.0,0.0,0.0,721.0,45.0,0.0,0.0,0.0,475.0,112.0
1575577800,56.0,0.0,945.0,9.0,5.0,0.0,6.0,0.0,161.0,19.0,271.0,412.0,2173.0,756.0,0.0,0.0,0.0,4.0,0.0,0.0,726.0,53.0,0.0,0.0,0.0,477.0,168.0
1575578400,49.0,0.0,1183.0,11.0,6.0,0.0,7.0,2.0,204.0,28.0,249.0,482.0,2109.0,1127.0,0.0,0.0,0.0,5.0,0.0,0.0,538.0,70.0,0.0,0.0,0.0,477.0,145.0
1575579000,80.0,0.0,1304.0,6.0,8.0,0.0,2.0,1.0,177.0,47.0,361.0,518.0,2053.0,1228.0,0.0,0.0,0.0,2.0,0.0,0.0,433.0,82.0,0.0,1.0,0.0,479.0,145.0
1575580200,44.0,0.0,1598.0,9.0,1.0,0.0,13.0,0.0,179.0,71.0,368.0,649.0,2141.0,1171.0,0.0,0.0,0.0,1.0,0.0,0.0,427.0,104.0,0.0,4.0,0.0,511.0,149.0
1575580800,41.0,0.0,1611.0,7.0,3.0,0.0,5.0,0.0,232.0,70.0,322.0,627.0,2236.0,1124.0,0.0,0.0,0.0,6.0,2.0,0.0,447.0,128.0,0.0,3.0,0.0,603.0,238.0
1575581400,41.0,0.0,1523.0,3.0,0.0,0.0,2.0,0.0,323.0,66.0,283.0,682.0,2212.0,1031.0,0.0,0.0,0.0,10.0,0.0,0.0,465.0,142.0,0.0,20.0,0.0,581.0,272.0
1575582000,48.0,0.0,1563.0,3.0,0.0,0.0,0.0,0.0,342.0,60.0,253.0,748.0,2438.0,934.0,0.0,0.0,0.0,14.0,0.0,0.0,594.0,164.0,0.0,28.0,0.0,486.0,321.0
1575582600,64.0,0.0,1439.0,1.0,0.0,0.0,0.0,0.0,279.0,83.0,266.0,828.0,2560.0,1085.0,0.0,0.0,0.0,10.0,7.0,0.0,509.0,154.0,0.0,42.0,0.0,407.0,301.0
1575583200,53.0,0.0,1509.0,7.0,0.0,0.0,0.0,0.0,230.0,51.0,271.0,780.0,2447.0,1151.0,0.0,0.0,0.0,5.0,10.0,0.0,519.0,152.0,0.0,13.0,0.0,322.0,301.0
1575583800,48.0,0.0,1428.0,13.0,0.0,0.0,1.0,0.0,233.0,53.0,242.0,876.0,2600.0,1229.0,0.0,0.0,0.0,6.0,40.0,0.0,563.0,165.0,0.0,6.0,0.0,282.0,355.0
1575584400,33.0,0.0,1354.0,9.0,0.0,0.0,1.0,0.0,259.0,24.0,269.0,856.0,2853.0,1232.0,0.0,0.0,0.0,1.0,47.0,0.0,546.0,152.0,0.0,15.0,0.0,249.0,261.0
1575585000,40.0,0.0,1462.0,16.0,6.0,0.0,0.0,0.0,309.0,51.0,282.0,744.0,2950.0,1231.0,0.0,0.0,0.0,8.0,46.0,0.0,551.0,109.0,0.0,3.0,0.0,295.0,159.0
1575585600,42.0,0.0,1675.0,36.0,3.0,0.0,0.0,0.0,401.0,59.0,322.0,828.0,2763.0,1319.0,0.0,0.0,0.0,5.0,41.0,0.0,593.0,106.0,0.0,0.0,0.0,270.0,104.0
1575586200,53.0,0.0,1637.0,12.0,1.0,0.0,2.0,0.0,447.0,50.0,381.0,739.0,2412.0,1101.0,0.0,0.0,0.0,2.0,36.0,0.0,628.0,90.0,0.0,0.0,0.0,273.0,72.0
1575586800,48.0,0.0,1476.0,11.0,0.0,0.0,7.0,0.0,528.0,74.0,365.0,741.0,2197.0,1018.0,0.0,0.0,0.0,0.0,34.0,0.0,707.0,80.0,0.0,0.0,0.0,181.0,90.0
1575587400,37.0,0.0,1353.0,11.0,0.0,0.0,14.0,0.0,480.0,95.0,329.0,588.0,2190.0,900.0,0.0,0.0,0.0,1.0,26.0,0.0,611.0,95.0,0.0,0.0,0.0,264.0,170.0
1575588000,39.0,0.0,1254.0,13.0,0.0,0.0,9.0,0.0,454.0,114.0,280.0,457.0,2556.0,740.0,0.0,0.0,0.0,3.0,38.0,0.0,474.0,136.0,0.0,0.0,0.0,206.0,133.0
1575588600,29.0,0.0,1323.0,11.0,0.0,0.0,15.0,0.0,523.0,41.0,314.0,330.0,2508.0,740.0,0.0,0.0,0.0,4.0,14.0,0.0,421.0,113.0,0.0,0.0,0.0,228.0,81.0
1575589200,20.0,0.0,1381.0,9.0,1.0,0.0,4.0,0.0,509.0,51.0,364.0,304.0,2671.0,739.0,0.0,0.0,0.0,5.0,5.0,0.0,380.0,81.0,0.0,0.0,0.0,228.0,52.0
1575589800,11.0,0.0,1434.0,7.0,0.0,0.0,3.0,0.0,634.0,43.0,376.0,278.0,2620.0,677.0,0.0,0.0,0.0,4.0,2.0,0.0,341.0,71.0,0.0,0.0,0.0,168.0,73.0
1575590400,10.0,0.0,1087.0,16.0,0.0,0.0,3.0,0.0,697.0,26.0,399.0,363.0,2450.0,639.0,0.0,0.0,0.0,4.0,7.0,0.0,301.0,44.0,0.0,0.0,0.0,146.0,76.0
1575591000,10.0,0.0,1010.0,7.0,0.0,0.0,1.0,0.0,643.0,28.0,434.0,367.0,2325.0,580.0,0.0,0.0,0.0,8.0,23.0,0.0,238.0,48.0,0.0,0.0,0.0,146.0,152.0
1575591600,10.0,0.0,987.0,2.0,0.0,0.0,1.0,0.0,603.0,10.0,446.0,388.0,2431.0,566.0,0.0,0.0,0.0,8.0,45.0,0.0,178.0,54.0,0.0,0.0,0.0,94.0,279.0
1575592200,18.0,0.0,767.0,1.0,0.0,0.0,0.0,0.0,475.0,9.0,515.0,415.0,2377.0,607.0,0.0,0.0,0.0,3.0,26.0,0.0,132.0,63.0,0.0,0.0,0.0,110.0,192.0
1575592800,29.0,0.0,741.0,2.0,0.0,0.0,0.0,0.0,362.0,5.0,449.0,392.0,2460.0,522.0,0.0,0.0,0.0,6.0,29.0,0.0,144.0,29.0,0.0,0.0,0.0,112.0,39.0
1575593400,36.0,0.0,752.0,3.0,0.0,0.0,0.0,0.0,390.0,0.0,411.0,360.0,2626.0,395.0,0.0,0.0,0.0,1.0,37.0,0.0,127.0,48.0,0.0,0.0,0.0,60.0,11.0
1575594000,61.0,0.0,755.0,2.0,0.0,0.0,0.0,0.0,352.0,7.0,473.0,171.0,2261.0,406.0,0.0,0.0,0.0,1.0,28.0,0.0,139.0,45.0,0.0,0.0,0.0,30.0,5.0
1575594600,97.0,0.0,797.0,0.0,0.0,0.0,0.0,0.0,349.0,22.0,490.0,124.0,2121.0,373.0,0.0,0.0,0.0,0.0,50.0,0.0,86.0,25.0,0.0,0.0,0.0,59.0,5.0
1575595200,95.0,0.0,947.0,3.0,1.0,0.0,0.0,0.0,348.0,12.0,510.0,181.0,1940.0,420.0,0.0,0.0,0.0,0.0,52.0,0.0,47.0,24.0,0.0,0.0,0.0,61.0,20.0
1575595800,53.0,0.0,1010.0,0.0,0.0,0.0,0.0,0.0,409.0,3.0,612.0,130.0,2064.0,413.0,0.0,0.0,0.0,0.0,38.0,0.0,52.0,26.0,0.0,0.0,0.0,111.0,18.0
1575596400,45.0,0.0,880.0,0.0,0.0,0.0,0.0,0.0,401.0,0.0,570.0,116.0,2264.0,363.0,0.0,0.0,0.0,2.0,25.0,0.0,71.0,24.0,0.0,0.0,0.0,123.0,8.0
1575597000,17.0,0.0,918.0,4.0,1.0,0.0,0.0,0.0,412.0,0.0,430.0,84.0,2222.0,408.0,0.0,0.0,0.0,3.0,16.0,0.0,26.0,13.0,0.0,0.0,0.0,123.0,4.0
1575597600,14.0,0.0,918.0,6.0,1.0,0.0,0.0,0.0,399.0,0.0,373.0,57.0,2141.0,404.0,0.0,0.0,0.0,0.0,11.0,0.0,39.0,2.0,0.0,0.0,0.0,97.0,1.0
1575598200,11.0,0.0,866.0,6.0,0.0,0.0,0.0,0.0,353.0,0.0,291.0,38.0,1882.0,328.0,0.0,0.0,0.0,0.0,5.0,0.0,78.0,0.0,0.0,0.0,0.0,77.0,5.0
1575598800,5.0,0.0,711.0,9.0,0.0,0.0,0.0,0.0,388.0,0.0,387.0,34.0,1577.0,271.0,0.0,0.0,0.0,0.0,5.0,0.0,77.0,0.0,0.0,0.0,0.0,64.0,2.0
1575599400,15.0,0.0,648.0,8.0,0.0,0.0,0.0,0.0,324.0,0.0,394.0,6.0,1360.0,260.0,0.0,0.0,0.0,0.0,4.0,0.0,100.0,0.0,0.0,0.0,0.0,54.0,0.0
1575600000,7.0,0.0,696.0,10.0,0.0,0.0,0.0,0.0,287.0,0.0,422.0,11.0,1007.0,319.0,0.0,0.0,0.0,0.0,1.0,0.0,198.0,0.0,0.0,0.0,0.0,34.0,0.0
1575600600,7.0,0.0,725.0,5.0,0.0,0.0,0.0,0.0,183.0,0.0,398.0,40.0,966.0,264.0,0.0,0.0,0.0,0.0,1.0,0.0,198.0,2.0,0.0,0.0,0.0,22.0,0.0
