start_scan,end_scan,year,julian_day,hour,minute,flash_lon,flash_lat,geometry,state,timestamp
20193381839400,20193381840000,2019,338,18,39,-67.31703,-6.173181,POINT (-67.31703186035156 -6.173181056976318),AMAZONAS,1575495000
20193381839400,20193381840000,2019,338,18,39,-47.919735,-16.342049,POINT (-47.91973495483398 -16.34204864501953),GOIAS,1575495000
20193381839400,20193381840000,2019,338,18,39,-47.938435,-6.192411,POINT (-47.93843460083008 -6.192410945892334),TOCANTINS,1575495000
20193381839400,20193381840000,2019,338,18,39,-53.048317,-26.085304,POINT (-53.04831695556641 -26.08530426025391),PARANA,1575495000
20193381839400,20193381840000,2019,338,18,39,-54.249672,-21.642265,POINT (-54.24967193603516 -21.64226531982422),MATO GROSSO DO SUL,1575495000
20193381839400,20193381840000,2019,338,18,39,-55.44865,-16.018898,POINT (-55.44865036010742 -16.01889801025391),MATO GROSSO,1575495000
20193381839400,20193381840000,2019,338,18,39,-58.033993,-23.809109,POINT (-58.03399276733398 -23.80910873413086),OUTSIDE,1575495000
20193381839400,20193381840000,2019,338,18,39,-50.489304,-6.2918983,POINT (-50.48930358886719 -6.291898250579834),PARA,1575495000
20193381839400,20193381840000,2019,338,18,39,-66.422676,18.398905,POINT (-66.42267608642578 18.39890480041504),OUTSIDE,1575495000
20193381839400,20193381840000,2019,338,18,39,-65.80829,-9.4418335,POINT (-65.80828857421875 -9.44183349609375),AMAZONAS,1575495000
20193381839400,20193381840000,2019,338,18,39,-57.453,-26.34033,POINT (-57.45299911499023 -26.34033012390137),OUTSIDE,1575495000
20193381839400,20193381840000,2019,338,18,39,-46.595562,-10.377765,POINT (-46.59556198120117 -10.37776470184326),TOCANTINS,1575495000
20193381839400,20193381840000,2019,338,18,39,-46.32791,-23.4822,POINT (-46.32791137695312 -23.48220062255859),SAO PAULO,1575495000
20193381839400,20193381840000,2019,338,18,39,-76.683914,2.7061613,POINT (-76.68391418457031 2.706161260604858),OUTSIDE,1575495000
20193381839400,20193381840000,2019,338,18,39,-45.455643,-5.133964,POINT (-45.45564270019531 -5.133964061737061),MARANHAO,1575495000
20193381839400,20193381840000,2019,338,18,39,-70.01331,-0.9895904,POINT (-70.01331329345703 -0.9895904064178467),OUTSIDE,1575495000
20193381839400,20193381840000,2019,338,18,39,-51.27635,-16.965734,POINT (-51.27634811401367 -16.96573448181152),GOIAS,1575495000
20193381839400,20193381840000,2019,338,18,39,-74.868675,-8.742995,POINT (-74.86867523193359 -8.742995262145996),OUTSIDE,1575495000
20193381839400,20193381840000,2019,338,18,39,-56.397514,-14.556875,POINT (-56.39751434326172 -14.55687522888184),MATO GROSSO,1575495000
20193381839400,20193381840000,2019,338,18,39,-63.887947,-8.719924,POINT (-63.88794708251953 -8.719923973083496),RONDONIA,1575495000
20193381839400,20193381840000,2019,338,18,39,-70.30475,-6.7927237,POINT (-70.30474853515625 -6.792723655700684),AMAZONAS,1575495000
20193381839400,20193381840000,2019,338,18,39,-50.526543,-6.1211877,POINT (-50.52654266357422 -6.121187686920166),PARA,1575495000
20193381839400,20193381840000,2019,338,18,39,-62.21962,-8.895013,POINT (-62.21961975097656 -8.895012855529785),RONDONIA,1575495000
20193381839400,20193381840000,2019,338,18,39,-68.5661,-5.8451176,POINT (-68.56610107421875 -5.845117568969727),AMAZONAS,1575495000
20193381839400,20193381840000,2019,338,18,39,-48.400326,-13.742755,POINT (-48.40032577514648 -13.74275493621826),GOIAS,1575495000
20193381839400,20193381840000,2019,338,18,39,-53.60595,-28.93403,POINT (-53.60594940185547 -28.93403053283691),RIO GRANDE DO SUL,1575495000
20193381839400,20193381840000,2019,338,18,39,-72.36533,-14.77372,POINT (-72.36533355712891 -14.77371978759766),OUTSIDE,1575495000
20193381839400,20193381840000,2019,338,18,39,-45.09261,-4.2246146,POINT (-45.09260940551758 -4.22461462020874),MARANHAO,1575495000
20193381839400,20193381840000,2019,338,18,39,-53.63931,-20.990435,POINT (-53.63930892944336 -20.99043464660645),MATO GROSSO DO SUL,1575495000
20193381839400,20193381840000,2019,338,18,39,-48.060547,-14.284309,POINT (-48.060546875 -14.28430938720703),GOIAS,1575495000
20193381839400,20193381840000,2019,338,18,39,-49.217636,-16.821177,POINT (-49.21763610839844 -16.82117652893066),GOIAS,1575495000
20193381839400,20193381840000,2019,338,18,39,-62.37565,-8.7276125,POINT (-62.37564849853516 -8.727612495422363),RONDONIA,1575495000
20193381839400,20193381840000,2019,338,18,39,-44.675,-9.937615,POINT (-44.67499923706055 -9.937615394592285),PIAUI,1575495000
20193381839400,20193381840000,2019,338,18,39,-51.95161,-29.620857,POINT (-51.95161056518555 -29.62085723876953),RIO GRANDE DO SUL,1575495000
20193381839400,20193381840000,2019,338,18,39,-72.4401,-1.9247088,POINT (-72.44010162353516 -1.924708843231201),OUTSIDE,1575495000
20193381839400,20193381840000,2019,338,18,39,-69.206245,3.2353323,POINT (-69.20624542236328 3.235332250595093),OUTSIDE,1575495000
20193381839400,20193381840000,2019,338,18,39,-54.060402,-16.593985,POINT (-54.06040191650391 -16.59398460388184),MATO GROSSO,1575495000
20193381839400,20193381840000,2019,338,18,39,-57.351963,-13.589851,POINT (-57.35196304321289 -13.58985137939453),MATO GROSSO,1575495000
20193381839400,20193381840000,2019,338,18,39,-56.593822,-25.76876,POINT (-56.59382247924805 -25.76876068115234),OUTSIDE,1575495000
20193381839400,20193381840000,2019,338,18,39,-47.88997,-20.939013,POINT (-47.88996887207031 -20.93901252746582),SAO PAULO,1575495000
20193381839400,20193381840000,2019,338,18,39,-70.0432,-3.826272,POINT (-70.04319763183594 -3.826272010803223),OUTSIDE,1575495000
20193381839400,20193381840000,2019,338,18,39,-71.357765,0.80245584,POINT (-71.35776519775391 0.8024558424949646),OUTSIDE,1575495000
20193381839400,20193381840000,2019,338,18,39,-67.530304,-6.0172653,POINT (-67.53030395507812 -6.017265319824219),AMAZONAS,1575495000
20193381839400,20193381840000,2019,338,18,39,-46.05404,-10.772949,POINT (-46.05403900146484 -10.77294921875),BAHIA,1575495000
20193381839400,20193381840000,2019,338,18,39,-54.46475,-21.721638,POINT (-54.46474838256836 -21.72163772583008),MATO GROSSO DO SUL,1575495000
20193381839400,20193381840000,2019,338,18,39,-64.61528,-5.039256,POINT (-64.61528015136719 -5.03925609588623),AMAZONAS,1575495000
20193381839400,20193381840000,2019,338,18,39,-53.77738,-21.538916,POINT (-53.77738189697266 -21.53891563415527),MATO GROSSO DO SUL,1575495000
20193381839400,20193381840000,2019,338,18,39,-54.94461,-14.66942,POINT (-54.94461059570312 -14.66942024230957),MATO GROSSO,1575495000
20193381839400,20193381840000,2019,338,18,39,-53.707645,-18.08665,POINT (-53.70764541625977 -18.08665084838867),MATO GROSSO DO SUL,1575495000
20193381839400,20193381840000,2019,338,18,39,-47.36108,-10.157185,POINT (-47.36108016967773 -10.15718460083008),TOCANTINS,1575495000
20193381839400,20193381840000,2019,338,18,39,-55.006313,-10.706481,POINT (-55.00631332397461 -10.70648097991943),MATO GROSSO,1575495000
20193381839400,20193381840000,2019,338,18,39,-71.76321,-7.159216,POINT (-71.76320648193359 -7.159215927124023),AMAZONAS,1575495000
20193381839400,20193381840000,2019,338,18,39,-69.074,-6.939609,POINT (-69.07399749755859 -6.939609050750732),AMAZONAS,1575495000
20193381839400,20193381840000,2019,338,18,39,-73.97142,-8.647263,POINT (-73.97142028808594 -8.647262573242188),OUTSIDE,1575495000
20193381839400,20193381840000,2019,338,18,39,-50.034977,-1.1861197,POINT (-50.03497695922852 -1.186119675636292),PARA,1575495000
20193381839400,20193381840000,2019,338,18,39,-55.431717,-27.074247,POINT (-55.43171691894531 -27.07424736022949),OUTSIDE,1575495000
20193381839400,20193381840000,2019,338,18,39,-56.72335,-26.346796,POINT (-56.72335052490234 -26.3467960357666),OUTSIDE,1575495000
20193381839400,20193381840000,2019,338,18,39,-63.627907,-11.103644,POINT (-63.62790679931641 -11.10364437103271),RONDONIA,1575495000
20193381839400,20193381840000,2019,338,18,39,-54.388412,-6.08913,POINT (-54.38841247558594 -6.08912992477417),PARA,1575495000
20193381839400,20193381840000,2019,338,18,39,-52.90911,-16.774035,POINT (-52.90911102294922 -16.77403450012207),MATO GROSSO,1575495000
20193381839400,20193381840000,2019,338,18,39,-62.502304,-9.766575,POINT (-62.50230407714844 -9.766574859619141),RONDONIA,1575495000
20193381839400,20193381840000,2019,338,18,39,-66.95614,4.8490577,POINT (-66.95613861083984 4.849057674407959),OUTSIDE,1575495000
20193381839400,20193381840000,2019,338,18,39,-68.82299,3.8053467,POINT (-68.82299041748047 3.805346727371216),OUTSIDE,1575495000
20193381839400,20193381840000,2019,338,18,39,-56.443214,-14.602124,POINT (-56.44321441650391 -14.60212421417236),MATO GROSSO,1575495000
20193381839400,20193381840000,2019,338,18,39,-58.877617,-14.412025,POINT (-58.87761688232422 -14.41202545166016),MATO GROSSO,1575495000
20193381839400,20193381840000,2019,338,18,39,-53.02372,2.9772732,POINT (-53.02371978759766 2.977273225784302),OUTSIDE,1575495000
20193381839400,20193381840000,2019,338,18,39,-60.317436,-23.648006,POINT (-60.31743621826172 -23.64800643920898),OUTSIDE,1575495000
20193381839400,20193381840000,2019,338,18,39,-68.06128,-8.558212,POINT (-68.061279296875 -8.558212280273438),AMAZONAS,1575495000
20193381839400,20193381840000,2019,338,18,39,-61.0954,-23.102865,POINT (-61.09540176391602 -23.10286521911621),OUTSIDE,1575495000
20193381839400,20193381840000,2019,338,18,39,-70.05269,-3.94555,POINT (-70.05268859863281 -3.945549964904785),OUTSIDE,1575495000
20193381839400,20193381840000,2019,338,18,39,-64.46463,-19.299652,POINT (-64.46463012695312 -19.29965209960938),OUTSIDE,1575495000
20193381839400,20193381840000,2019,338,18,39,-61.90031,-22.157343,POINT (-61.90031051635742 -22.1573429107666),OUTSIDE,1575495000
20193381839400,20193381840000,2019,338,18,39,-54.956688,-14.570479,POINT (-54.95668792724609 -14.57047939300537),MATO GROSSO,1575495000
20193381839400,20193381840000,2019,338,18,39,-47.783768,-6.400493,POINT (-47.78376770019531 -6.400493144989014),TOCANTINS,1575495000
20193381839400,20193381840000,2019,338,18,39,-56.811043,-12.757431,POINT (-56.81104278564453 -12.75743103027344),MATO GROSSO,1575495000
20193381839400,20193381840000,2019,338,18,39,-70.982796,2.4923418,POINT (-70.98279571533203 2.492341756820679),OUTSIDE,1575495000
20193381839400,20193381840000,2019,338,18,39,-60.1817,-4.7064137,POINT (-60.18170166015625 -4.706413745880127),AMAZONAS,1575495000
20193381839400,20193381840000,2019,338,18,39,-67.97942,-8.705965,POINT (-67.97942352294922 -8.705965042114258),AMAZONAS,1575495000
20193381839400,20193381840000,2019,338,18,39,-73.99861,-8.489524,POINT (-73.99861145019531 -8.489523887634277),OUTSIDE,1575495000
20193381839400,20193381840000,2019,338,18,39,-65.79794,-9.749381,POINT (-65.79794311523438 -9.749381065368652),RONDONIA,1575495000
20193381839400,20193381840000,2019,338,18,39,-61.47956,-5.134188,POINT (-61.47956085205078 -5.134188175201416),AMAZONAS,1575495000
20193381839400,20193381840000,2019,338,18,39,-43.989826,-3.4959705,POINT (-43.98982620239258 -3.495970487594604),MARANHAO,1575495000
20193381839400,20193381840000,2019,338,18,39,-64.31728,20.601625,POINT (-64.31728363037109 20.60162544250488),OUTSIDE,1575495000
20193381839400,20193381840000,2019,338,18,39,-47.307632,-10.163007,POINT (-47.30763244628906 -10.16300678253174),TOCANTINS,1575495000
20193381839400,20193381840000,2019,338,18,39,-55.47544,-15.997138,POINT (-55.47544097900391 -15.99713802337646),MATO GROSSO,1575495000
20193381839400,20193381840000,2019,338,18,39,-63.887997,-8.719723,POINT (-63.88799667358398 -8.719722747802734),RONDONIA,1575495000
20193381839400,20193381840000,2019,338,18,39,-58.105534,-23.882685,POINT (-58.10553359985352 -23.8826847076416),OUTSIDE,1575495000
20193381839400,20193381840000,2019,338,18,39,-51.636627,0.9516805,POINT (-51.63662719726562 0.9516804814338684),AMAPA,1575495000
20193381839400,20193381840000,2019,338,18,39,-47.862938,-16.749624,POINT (-47.86293792724609 -16.74962425231934),GOIAS,1575495000
20193381839400,20193381840000,2019,338,18,39,-50.48924,-6.363258,POINT (-50.48923873901367 -6.363257884979248),PARA,1575495000
20193381839400,20193381840000,2019,338,18,39,-45.96529,-3.1138232,POINT (-45.96529006958008 -3.113823175430298),MARANHAO,1575495000
20193381839400,20193381840000,2019,338,18,39,-56.94613,-26.212776,POINT (-56.94612884521484 -26.21277618408203),OUTSIDE,1575495000
20193381839400,20193381840000,2019,338,18,39,-52.104633,0.86327803,POINT (-52.10463333129883 0.8632780313491821),AMAPA,1575495000
20193381839400,20193381840000,2019,338,18,39,-54.13716,-16.560537,POINT (-54.13716125488281 -16.56053733825684),MATO GROSSO,1575495000
20193381839400,20193381840000,2019,338,18,39,-61.45457,-22.006605,POINT (-61.45457077026367 -22.00660514831543),OUTSIDE,1575495000
20193381839400,20193381840000,2019,338,18,39,-54.77748,-27.335775,POINT (-54.77748107910156 -27.33577537536621),OUTSIDE,1575495000
20193381839400,20193381840000,2019,338,18,39,-74.05784,-8.733502,POINT (-74.05783843994141 -8.733502388000488),OUTSIDE,1575495000
20193381839400,20193381840000,2019,338,18,39,-53.55905,-32.91517,POINT (-53.55905151367188 -32.91516876220703),OUTSIDE,1575495000
20193381839400,20193381840000,2019,338,18,39,-54.812878,-27.330181,POINT (-54.8128776550293 -27.33018112182617),OUTSIDE,1575495000
20193381839400,20193381840000,2019,338,18,39,-46.46712,-8.972474,POINT (-46.46712112426758 -8.972474098205566),MARANHAO,1575495000
20193381839400,20193381840000,2019,338,18,39,-56.31325,-26.447104,POINT (-56.31325149536133 -26.44710350036621),OUTSIDE,1575495000
20193381839400,20193381840000,2019,338,18,39,-59.99029,-12.188059,POINT (-59.99029159545898 -12.18805885314941),RONDONIA,1575495000
20193381839400,20193381840000,2019,338,18,39,-66.05653,35.757847,POINT (-66.05653381347656 35.75784683227539),OUTSIDE,1575495000
20193381839400,20193381840000,2019,338,18,39,-54.940712,-14.695286,POINT (-54.94071197509766 -14.69528579711914),MATO GROSSO,1575495000
20193381839400,20193381840000,2019,338,18,39,-53.4006,-7.2353477,POINT (-53.40060043334961 -7.235347747802734),PARA,1575495000
20193381839400,20193381840000,2019,338,18,39,-65.9132,35.90198,POINT (-65.91320037841797 35.90198135375977),OUTSIDE,1575495000
20193381839400,20193381840000,2019,338,18,39,-64.210236,-6.4231954,POINT (-64.21023559570312 -6.423195362091064),AMAZONAS,1575495000
20193381839400,20193381840000,2019,338,18,39,-53.392273,-15.595091,POINT (-53.39227294921875 -15.59509086608887),MATO GROSSO,1575495000
20193381839400,20193381840000,2019,338,18,39,-70.641235,0.046362676,POINT (-70.6412353515625 0.04636267572641373),OUTSIDE,1575495000
20193381839400,20193381840000,2019,338,18,39,-47.31636,-10.238748,POINT (-47.31636047363281 -10.23874759674072),TOCANTINS,1575495000
20193381839400,20193381840000,2019,338,18,39,-74.452515,-3.8108115,POINT (-74.4525146484375 -3.810811519622803),OUTSIDE,1575495000
20193381839400,20193381840000,2019,338,18,39,-55.525097,-16.014652,POINT (-55.52509689331055 -16.01465225219727),MATO GROSSO,1575495000
20193381839400,20193381840000,2019,338,18,39,-50.557602,-6.287997,POINT (-50.55760192871094 -6.287996768951416),PARA,1575495000
20193381839400,20193381840000,2019,338,18,39,-55.102573,-13.720607,POINT (-55.10257339477539 -13.72060680389404),MATO GROSSO,1575495000
20193381839400,20193381840000,2019,338,18,39,-54.93234,-27.418018,POINT (-54.93233871459961 -27.41801834106445),OUTSIDE,1575495000
20193381839400,20193381840000,2019,338,18,39,-58.15099,-23.461246,POINT (-58.1509895324707 -23.46124649047852),OUTSIDE,1575495000
20193381839400,20193381840000,2019,338,18,39,-55.03203,-11.306224,POINT (-55.03202819824219 -11.30622386932373),MATO GROSSO,1575495000
20193381839400,20193381840000,2019,338,18,39,-55.17234,-10.65713,POINT (-55.17234039306641 -10.65713024139404),MATO GROSSO,1575495000
20193381839400,20193381840000,2019,338,18,39,-59.01722,-24.580761,POINT (-59.01721954345703 -24.58076095581055),OUTSIDE,1575495000
20193381839400,20193381840000,2019,338,18,39,-47.95288,-5.9735365,POINT (-47.952880859375 -5.973536491394043),TOCANTINS,1575495000
20193381839400,20193381840000,2019,338,18,39,-67.269844,-17.247576,POINT (-67.26984405517578 -17.2475757598877),OUTSIDE,1575495000
20193381839400,20193381840000,2019,338,18,39,-54.365967,-10.818051,POINT (-54.365966796875 -10.8180513381958),MATO GROSSO,1575495000
20193381839400,20193381840000,2019,338,18,39,-55.75029,-6.0293164,POINT (-55.75028991699219 -6.029316425323486),PARA,1575495000
20193381839400,20193381840000,2019,338,18,39,-47.32213,-9.827165,POINT (-47.32212829589844 -9.827164649963379),TOCANTINS,1575495000
20193381839400,20193381840000,2019,338,18,39,-45.204655,-15.187111,POINT (-45.20465469360352 -15.18711090087891),MINAS GERAIS,1575495000
20193381839400,20193381840000,2019,338,18,39,-52.110565,-23.932278,POINT (-52.11056518554688 -23.93227767944336),PARANA,1575495000
20193381839400,20193381840000,2019,338,18,39,-47.96851,-6.1603127,POINT (-47.96850967407227 -6.160312652587891),TOCANTINS,1575495000
20193381839400,20193381840000,2019,338,18,39,-61.004253,-23.008575,POINT (-61.00425338745117 -23.00857543945312),OUTSIDE,1575495000
20193381839400,20193381840000,2019,338,18,39,-67.51965,-8.780436,POINT (-67.5196533203125 -8.780435562133789),AMAZONAS,1575495000
20193381839400,20193381840000,2019,338,18,39,-53.65343,-26.002064,POINT (-53.6534309387207 -26.0020637512207),PARANA,1575495000
20193381839400,20193381840000,2019,338,18,39,-55.006195,-15.50116,POINT (-55.00619506835938 -15.50115966796875),MATO GROSSO,1575495000
20193381839400,20193381840000,2019,338,18,39,-52.887413,-22.215197,POINT (-52.88741302490234 -22.21519660949707),MATO GROSSO DO SUL,1575495000
20193381839400,20193381840000,2019,338,18,39,-63.27935,-4.83168,POINT (-63.27935028076172 -4.831679821014404),AMAZONAS,1575495000
20193381839400,20193381840000,2019,338,18,39,-67.26888,-17.229698,POINT (-67.26888275146484 -17.22969818115234),OUTSIDE,1575495000
20193381839400,20193381840000,2019,338,18,39,-59.85016,-5.1414123,POINT (-59.85015869140625 -5.141412258148193),AMAZONAS,1575495000
20193381839400,20193381840000,2019,338,18,39,-70.260185,-3.5865464,POINT (-70.26018524169922 -3.586546421051025),OUTSIDE,1575495000
20193381839400,20193381840000,2019,338,18,39,-57.955124,-24.310947,POINT (-57.95512390136719 -24.31094741821289),OUTSIDE,1575495000
20193381839400,20193381840000,2019,338,18,39,-45.646015,-15.587753,POINT (-45.64601516723633 -15.58775329589844),MINAS GERAIS,1575495000
20193381839400,20193381840000,2019,338,18,39,-52.361607,-29.745707,POINT (-52.36160659790039 -29.74570655822754),RIO GRANDE DO SUL,1575495000
20193381839400,20193381840000,2019,338,18,39,-73.36281,-0.2859782,POINT (-73.36280822753906 -0.2859781980514526),OUTSIDE,1575495000
20193381839400,20193381840000,2019,338,18,39,-78.71785,4.603332,POINT (-78.71784973144531 4.603332042694092),OUTSIDE,1575495000
20193381839400,20193381840000,2019,338,18,39,-54.12633,-19.212137,POINT (-54.1263313293457 -19.21213722229004),MATO GROSSO DO SUL,1575495000
20193381839400,20193381840000,2019,338,18,39,-54.43497,-7.9625397,POINT (-54.43497085571289 -7.962539672851562),PARA,1575495000
20193381839400,20193381840000,2019,338,18,39,-66.508675,35.01946,POINT (-66.50867462158203 35.01945877075195),OUTSIDE,1575495000
20193381839400,20193381840000,2019,338,18,39,-71.00788,0.09022626,POINT (-71.00788116455078 0.09022626280784607),OUTSIDE,1575495000
20193381839400,20193381840000,2019,338,18,39,-63.721127,-9.123038,POINT (-63.72112655639648 -9.123038291931152),RONDONIA,1575495000
20193381839400,20193381840000,2019,338,18,39,-53.978703,-17.690853,POINT (-53.97870254516602 -17.69085311889648),MATO GROSSO DO SUL,1575495000
20193381839400,20193381840000,2019,338,18,39,-75.392845,-1.7467616,POINT (-75.39284515380859 -1.746761560440063),OUTSIDE,1575495000
20193381839400,20193381840000,2019,338,18,39,-49.99415,-6.608507,POINT (-49.99414825439453 -6.60850715637207),PARA,1575495000
20193381839400,20193381840000,2019,338,18,39,-78.18046,8.814355,POINT (-78.18045806884766 8.81435489654541),OUTSIDE,1575495000
20193381839400,20193381840000,2019,338,18,39,-52.937866,-29.185085,POINT (-52.9378662109375 -29.18508529663086),RIO GRANDE DO SUL,1575495000
20193381839400,20193381840000,2019,338,18,39,-64.26861,-6.3608317,POINT (-64.26860809326172 -6.360831737518311),AMAZONAS,1575495000
20193381839400,20193381840000,2019,338,18,39,-59.045464,-13.719276,POINT (-59.04546356201172 -13.71927642822266),MATO GROSSO,1575495000
20193381839400,20193381840000,2019,338,18,39,-45.29208,-4.8462996,POINT (-45.29207992553711 -4.846299648284912),MARANHAO,1575495000
20193381839400,20193381840000,2019,338,18,39,-47.12578,-21.281384,POINT (-47.12577819824219 -21.2813835144043),SAO PAULO,1575495000
20193381839400,20193381840000,2019,338,18,39,-73.72097,-4.7186685,POINT (-73.72097015380859 -4.718668460845947),OUTSIDE,1575495000
20193381839400,20193381840000,2019,338,18,39,-53.40236,-8.2573595,POINT (-53.40235900878906 -8.257359504699707),PARA,1575495000
20193381839400,20193381840000,2019,338,18,39,-58.19927,-23.34913,POINT (-58.19926834106445 -23.34913063049316),OUTSIDE,1575495000
20193381839400,20193381840000,2019,338,18,39,-56.517136,-14.600319,POINT (-56.51713562011719 -14.60031890869141),MATO GROSSO,1575495000
20193381839400,20193381840000,2019,338,18,39,-53.56355,-17.517275,POINT (-53.56354904174805 -17.51727485656738),MATO GROSSO,1575495000
20193381839400,20193381840000,2019,338,18,39,-53.608177,-15.480503,POINT (-53.60817718505859 -15.48050308227539),MATO GROSSO,1575495000
20193381839400,20193381840000,2019,338,18,39,-50.4937,-6.2976503,POINT (-50.49369812011719 -6.297650337219238),PARA,1575495000
20193381839400,20193381840000,2019,338,18,39,-58.454205,-24.745699,POINT (-58.45420455932617 -24.74569892883301),OUTSIDE,1575495000
20193381839400,20193381840000,2019,338,18,39,-53.956978,-21.628868,POINT (-53.95697784423828 -21.62886810302734),MATO GROSSO DO SUL,1575495000
20193381839400,20193381840000,2019,338,18,39,-69.962685,-3.9426363,POINT (-69.96268463134766 -3.942636251449585),OUTSIDE,1575495000
20193381839400,20193381840000,2019,338,18,39,-71.057274,-5.6386223,POINT (-71.05727386474609 -5.638622283935547),AMAZONAS,1575495000
20193381839400,20193381840000,2019,338,18,39,-58.88435,-23.600403,POINT (-58.88434982299805 -23.60040283203125),OUTSIDE,1575495000
20193381839400,20193381840000,2019,338,18,39,-65.94003,24.125319,POINT (-65.94003295898438 24.12531852722168),OUTSIDE,1575495000
20193381839400,20193381840000,2019,338,18,39,-66.00418,-6.3917356,POINT (-66.00418090820312 -6.391735553741455),AMAZONAS,1575495000
20193381839400,20193381840000,2019,338,18,39,-67.47138,-8.728751,POINT (-67.47138214111328 -8.728751182556152),AMAZONAS,1575495000
20193381839400,20193381840000,2019,338,18,39,-55.69234,-27.044046,POINT (-55.69234085083008 -27.04404640197754),OUTSIDE,1575495000
20193381839400,20193381840000,2019,338,18,39,-54.684345,-27.25604,POINT (-54.68434524536133 -27.25604057312012),OUTSIDE,1575495000
20193381839400,20193381840000,2019,338,18,39,-58.293438,-37.801506,POINT (-58.29343795776367 -37.80150604248047),OUTSIDE,1575495000
20193381839400,20193381840000,2019,338,18,39,-46.547264,-17.252222,POINT (-46.54726409912109 -17.25222206115723),MINAS GERAIS,1575495000
20193381839400,20193381840000,2019,338,18,39,-61.064278,-23.096447,POINT (-61.06427764892578 -23.0964469909668),OUTSIDE,1575495000
20193381839400,20193381840000,2019,338,18,39,-44.863472,-11.890565,POINT (-44.86347198486328 -11.89056491851807),BAHIA,1575495000
20193381839400,20193381840000,2019,338,18,39,-58.8048,-12.610893,POINT (-58.8047981262207 -12.61089324951172),MATO GROSSO,1575495000
20193381839400,20193381840000,2019,338,18,39,-64.10824,20.012754,POINT (-64.10823822021484 20.01275444030762),OUTSIDE,1575495000
20193381839400,20193381840000,2019,338,18,39,-53.144978,-8.400414,POINT (-53.14497756958008 -8.40041446685791),PARA,1575495000
20193381839400,20193381840000,2019,338,18,39,-62.579437,-9.690947,POINT (-62.57943725585938 -9.690946578979492),RONDONIA,1575495000
20193381839400,20193381840000,2019,338,18,39,-69.90358,-3.869619,POINT (-69.90357971191406 -3.869618892669678),OUTSIDE,1575495000
20193381839400,20193381840000,2019,338,18,39,-47.6725,-15.638039,POINT (-47.67250061035156 -15.63803863525391),DISTRITO FEDERAL,1575495000
20193381839400,20193381840000,2019,338,18,39,-57.59102,-14.429552,POINT (-57.59101867675781 -14.42955207824707),MATO GROSSO,1575495000
20193381839400,20193381840000,2019,338,18,39,-56.488758,-22.960789,POINT (-56.4887580871582 -22.96078872680664),OUTSIDE,1575495000
20193381839400,20193381840000,2019,338,18,39,-53.1686,-22.29468,POINT (-53.16859817504883 -22.29467964172363),MATO GROSSO DO SUL,1575495000
20193381839400,20193381840000,2019,338,18,39,-44.56587,-3.607343,POINT (-44.56586837768555 -3.607342958450317),MARANHAO,1575495000
20193381839400,20193381840000,2019,338,18,39,-54.561253,-28.755432,POINT (-54.56125259399414 -28.75543212890625),RIO GRANDE DO SUL,1575495000
20193381839400,20193381840000,2019,338,18,39,-68.899605,3.2248404,POINT (-68.89960479736328 3.224840402603149),OUTSIDE,1575495000
20193381839400,20193381840000,2019,338,18,39,-64.64427,-9.095939,POINT (-64.64427185058594 -9.095938682556152),RONDONIA,1575495000
20193381839400,20193381840000,2019,338,18,39,-65.82857,-9.429882,POINT (-65.82856750488281 -9.429882049560547),AMAZONAS,1575495000
20193381839400,20193381840000,2019,338,18,39,-45.47615,-5.1330442,POINT (-45.47615051269531 -5.133044242858887),MARANHAO,1575495000
20193381839400,20193381840000,2019,338,18,39,-55.475964,-16.02783,POINT (-55.4759635925293 -16.02783012390137),MATO GROSSO,1575495000
20193381839400,20193381840000,2019,338,18,39,-71.33467,0.6773045,POINT (-71.33467102050781 0.6773045063018799),OUTSIDE,1575495000
20193381839400,20193381840000,2019,338,18,39,-52.554066,-6.930747,POINT (-52.5540657043457 -6.930747032165527),PARA,1575495000
20193381839400,20193381840000,2019,338,18,39,-65.77698,-6.2395825,POINT (-65.7769775390625 -6.239582538604736),AMAZONAS,1575495000
20193381839400,20193381840000,2019,338,18,39,-51.221207,-16.92846,POINT (-51.22120666503906 -16.92845916748047),GOIAS,1575495000
20193381839400,20193381840000,2019,338,18,39,-61.201435,-22.939648,POINT (-61.20143508911133 -22.93964767456055),OUTSIDE,1575495000
20193381839400,20193381840000,2019,338,18,39,-68.413284,32.748615,POINT (-68.41328430175781 32.74861526489258),OUTSIDE,1575495000
20193381839400,20193381840000,2019,338,18,39,-64.58642,-8.1277485,POINT (-64.58641815185547 -8.127748489379883),AMAZONAS,1575495000
20193381839400,20193381840000,2019,338,18,39,-47.724846,-21.396555,POINT (-47.72484588623047 -21.39655494689941),SAO PAULO,1575495000
20193381839400,20193381840000,2019,338,18,39,-77.17692,0.6647073,POINT (-77.17691802978516 0.6647073030471802),OUTSIDE,1575495000
20193381839400,20193381840000,2019,338,18,39,-57.498463,-14.485095,POINT (-57.49846267700195 -14.48509502410889),MATO GROSSO,1575495000
20193381839400,20193381840000,2019,338,18,39,-50.570866,-6.292729,POINT (-50.57086563110352 -6.292728900909424),PARA,1575495000
20193381839400,20193381840000,2019,338,18,39,-60.36757,-7.55414,POINT (-60.36756896972656 -7.554140090942383),AMAZONAS,1575495000
20193381839400,20193381840000,2019,338,18,39,-67.69867,-6.011573,POINT (-67.69866943359375 -6.01157283782959),AMAZONAS,1575495000
20193381839400,20193381840000,2019,338,18,39,-53.416656,-21.88251,POINT (-53.41665649414062 -21.88250923156738),MATO GROSSO DO SUL,1575495000
20193381839400,20193381840000,2019,338,18,39,-42.280884,-6.3891625,POINT (-42.2808837890625 -6.389162540435791),PIAUI,1575495000
20193381839400,20193381840000,2019,338,18,39,-49.39079,-16.659805,POINT (-49.39078903198242 -16.65980529785156),GOIAS,1575495000
20193381839400,20193381840000,2019,338,18,39,-53.76171,-18.148138,POINT (-53.76171112060547 -18.14813804626465),MATO GROSSO DO SUL,1575495000
20193381839400,20193381840000,2019,338,18,39,-60.942715,-23.079512,POINT (-60.94271469116211 -23.07951164245605),OUTSIDE,1575495000
20193381839400,20193381840000,2019,338,18,39,-71.76967,-7.1587906,POINT (-71.76966857910156 -7.158790588378906),AMAZONAS,1575495000
20193381839400,20193381840000,2019,338,18,39,-58.296406,-23.30443,POINT (-58.29640579223633 -23.30443000793457),OUTSIDE,1575495000
20193381839400,20193381840000,2019,338,18,39,-54.897434,-27.954031,POINT (-54.89743423461914 -27.95403099060059),RIO GRANDE DO SUL,1575495000
20193381839400,20193381840000,2019,338,18,39,-46.63823,-17.18391,POINT (-46.63822937011719 -17.18391036987305),MINAS GERAIS,1575495000
20193381839400,20193381840000,2019,338,18,39,-55.56891,-28.315573,POINT (-55.56890869140625 -28.31557273864746),RIO GRANDE DO SUL,1575495000
20193381839400,20193381840000,2019,338,18,39,-63.262062,-4.7605367,POINT (-63.26206207275391 -4.760536670684814),AMAZONAS,1575495000
20193381839400,20193381840000,2019,338,18,39,-57.032883,-23.428066,POINT (-57.03288269042969 -23.42806625366211),OUTSIDE,1575495000
20193381839400,20193381840000,2019,338,18,39,-56.35847,-26.436268,POINT (-56.35847091674805 -26.4362678527832),OUTSIDE,1575495000
20193381839400,20193381840000,2019,338,18,39,-71.14355,-0.90305954,POINT (-71.14354705810547 -0.9030595421791077),OUTSIDE,1575495000
20193381839400,20193381840000,2019,338,18,39,-55.52271,-16.017502,POINT (-55.52270889282227 -16.01750183105469),MATO GROSSO,1575495000
20193381839400,20193381840000,2019,338,18,39,-44.67095,-3.6417515,POINT (-44.67095184326172 -3.641751527786255),MARANHAO,1575495000
20193381839400,20193381840000,2019,338,18,39,-70.99321,2.4926803,POINT (-70.99320983886719 2.492680311203003),OUTSIDE,1575495000
20193381839400,20193381840000,2019,338,18,39,-57.823486,-21.053112,POINT (-57.823486328125 -21.0531120300293),MATO GROSSO DO SUL,1575495000
20193381839400,20193381840000,2019,338,18,39,-63.888405,-8.719379,POINT (-63.88840484619141 -8.719379425048828),RONDONIA,1575495000
20193381839400,20193381840000,2019,338,18,39,-56.69448,-8.375006,POINT (-56.69448089599609 -8.375005722045898),PARA,1575495000
20193381839400,20193381840000,2019,338,18,39,-68.971725,4.3164907,POINT (-68.97172546386719 4.316490650177002),OUTSIDE,1575495000
20193381839400,20193381840000,2019,338,18,39,-62.295166,-8.890266,POINT (-62.295166015625 -8.890266418457031),RONDONIA,1575495000
20193381839400,20193381840000,2019,338,18,39,-58.85428,6.125868,POINT (-58.85427856445312 6.12586784362793),OUTSIDE,1575495000
20193381839400,20193381840000,2019,338,18,39,-56.566734,-26.518274,POINT (-56.56673431396484 -26.51827430725098),OUTSIDE,1575495000
20193381839400,20193381840000,2019,338,18,39,-66.00214,24.072853,POINT (-66.00213623046875 24.07285308837891),OUTSIDE,1575495000
20193381839400,20193381840000,2019,338,18,39,-50.53749,-6.250768,POINT (-50.53749084472656 -6.250768184661865),PARA,1575495000
20193381839400,20193381840000,2019,338,18,39,-56.3726,-14.483668,POINT (-56.37260055541992 -14.48366832733154),MATO GROSSO,1575495000
20193381839400,20193381840000,2019,338,18,39,-58.120594,-23.845863,POINT (-58.1205940246582 -23.84586334228516),OUTSIDE,1575495000
20193381839400,20193381840000,2019,338,18,39,-48.94019,-6.9105773,POINT (-48.94018936157227 -6.910577297210693),TOCANTINS,1575495000
20193381839400,20193381840000,2019,338,18,39,-63.393368,-5.057094,POINT (-63.39336776733398 -5.057094097137451),AMAZONAS,1575495000
20193381839400,20193381840000,2019,338,18,39,-76.6437,2.6652403,POINT (-76.64369964599609 2.665240287780762),OUTSIDE,1575495000
20193381839400,20193381840000,2019,338,18,39,-53.536762,-21.095047,POINT (-53.53676223754883 -21.09504699707031),MATO GROSSO DO SUL,1575495000
20193381839400,20193381840000,2019,338,18,39,-71.17361,0.020471163,POINT (-71.17360687255859 0.02047116309404373),OUTSIDE,1575495000
20193381839400,20193381840000,2019,338,18,39,-72.36741,-14.828945,POINT (-72.36740875244141 -14.82894515991211),OUTSIDE,1575495000
20193381839400,20193381840000,2019,338,18,39,-53.079464,-8.353711,POINT (-53.07946395874023 -8.353711128234863),PARA,1575495000
20193381839400,20193381840000,2019,338,18,39,-54.366264,-10.817809,POINT (-54.36626434326172 -10.81780910491943),MATO GROSSO,1575495000
20193381839400,20193381840000,2019,338,18,39,-47.34815,-10.176718,POINT (-47.34814834594727 -10.17671775817871),TOCANTINS,1575495000
20193381839400,20193381840000,2019,338,18,39,-63.6264,-19.765518,POINT (-63.62639999389648 -19.76551818847656),OUTSIDE,1575495000
20193381839400,20193381840000,2019,338,18,39,-53.271088,-16.14976,POINT (-53.27108764648438 -16.14975929260254),MATO GROSSO,1575495000
20193381839400,20193381840000,2019,338,18,39,-62.542744,-9.7353115,POINT (-62.54274368286133 -9.735311508178711),RONDONIA,1575495000
20193381839400,20193381840000,2019,338,18,39,-44.58424,-4.0754194,POINT (-44.5842399597168 -4.075419425964355),MARANHAO,1575495000
20193381839400,20193381840000,2019,338,18,39,-47.953064,-6.239253,POINT (-47.95306396484375 -6.239253044128418),TOCANTINS,1575495000
20193381839400,20193381840000,2019,338,18,39,-54.813534,-27.329655,POINT (-54.81353378295898 -27.32965469360352),OUTSIDE,1575495000
20193381839400,20193381840000,2019,338,18,39,-53.136505,-26.159962,POINT (-53.13650512695312 -26.15996170043945),PARANA,1575495000
20193381839400,20193381840000,2019,338,18,39,-65.48897,-18.310291,POINT (-65.48896789550781 -18.3102912902832),OUTSIDE,1575495000
20193381839400,20193381840000,2019,338,18,39,-46.37126,-9.547857,POINT (-46.37126159667969 -9.547857284545898),MARANHAO,1575495000
20193381839400,20193381840000,2019,338,18,39,-68.57808,-5.8421664,POINT (-68.57807922363281 -5.842166423797607),AMAZONAS,1575495000
20193381839400,20193381840000,2019,338,18,39,-65.50786,-19.01493,POINT (-65.50785827636719 -19.01493072509766),OUTSIDE,1575495000
20193381839400,20193381840000,2019,338,18,39,-50.57892,-6.143681,POINT (-50.57891845703125 -6.143681049346924),PARA,1575495000
20193381839400,20193381840000,2019,338,18,39,-57.161953,-23.4743,POINT (-57.16195297241211 -23.47430038452148),OUTSIDE,1575495000
20193381839400,20193381840000,2019,338,18,39,-76.53436,-1.2809113,POINT (-76.53436279296875 -1.280911326408386),OUTSIDE,1575495000
20193381839400,20193381840000,2019,338,18,39,-70.05173,-3.9526374,POINT (-70.05172729492188 -3.952637434005737),OUTSIDE,1575495000
20193381839400,20193381840000,2019,338,18,39,-46.55368,-17.17216,POINT (-46.55368041992188 -17.17215919494629),MINAS GERAIS,1575495000
20193381839400,20193381840000,2019,338,18,39,-56.546978,-14.5225725,POINT (-56.54697799682617 -14.52257251739502),MATO GROSSO,1575495000
20193381839400,20193381840000,2019,338,18,39,-64.53285,-19.527544,POINT (-64.53285217285156 -19.52754402160645),OUTSIDE,1575495000
20193381839400,20193381840000,2019,338,18,39,-81.34736,10.127513,POINT (-81.34735870361328 10.12751293182373),OUTSIDE,1575495000
20193381839400,20193381840000,2019,338,18,39,-50.489967,-6.3623414,POINT (-50.48996734619141 -6.362341403961182),PARA,1575495000
20193381839400,20193381840000,2019,338,18,39,-48.859386,-6.242958,POINT (-48.8593864440918 -6.242958068847656),PARA,1575495000
20193381839400,20193381840000,2019,338,18,39,-69.451164,1.0623655,POINT (-69.45116424560547 1.062365531921387),OUTSIDE,1575495000
20193381839400,20193381840000,2019,338,18,39,-46.53709,-17.172459,POINT (-46.53709030151367 -17.17245864868164),MINAS GERAIS,1575495000
20193381839400,20193381840000,2019,338,18,39,-46.150677,-9.617993,POINT (-46.15067672729492 -9.617993354797363),MARANHAO,1575495000
20193381839400,20193381840000,2019,338,18,39,-71.818634,-7.1582656,POINT (-71.81863403320312 -7.158265590667725),AMAZONAS,1575495000
20193381839400,20193381840000,2019,338,18,39,-54.462147,-6.110508,POINT (-54.4621467590332 -6.110507965087891),PARA,1575495000
20193381839400,20193381840000,2019,338,18,39,-56.840073,-26.20465,POINT (-56.84007263183594 -26.20465087890625),OUTSIDE,1575495000
20193381839400,20193381840000,2019,338,18,39,-48.06683,-13.94568,POINT (-48.06682968139648 -13.94567966461182),GOIAS,1575495000
20193381839400,20193381840000,2019,338,18,39,-50.224472,-17.709116,POINT (-50.22447204589844 -17.70911598205566),GOIAS,1575495000
20193381839400,20193381840000,2019,338,18,39,-61.09484,-23.08462,POINT (-61.09484100341797 -23.08461952209473),OUTSIDE,1575495000
20193381839400,20193381840000,2019,338,18,39,-63.33184,-4.90097,POINT (-63.33184051513672 -4.900969982147217),AMAZONAS,1575495000
20193381839400,20193381840000,2019,338,18,39,-64.228775,-8.154164,POINT (-64.22877502441406 -8.15416431427002),AMAZONAS,1575495000
20193381839400,20193381840000,2019,338,18,39,-75.106575,-2.4347804,POINT (-75.10657501220703 -2.434780359268188),OUTSIDE,1575495000
20193381839400,20193381840000,2019,338,18,39,-51.95231,-29.619276,POINT (-51.95230865478516 -29.61927604675293),RIO GRANDE DO SUL,1575495000
20193381839400,20193381840000,2019,338,18,39,-45.180767,-4.2394595,POINT (-45.18076705932617 -4.23945951461792),MARANHAO,1575495000
20193381839400,20193381840000,2019,338,18,39,-70.976654,2.4934442,POINT (-70.97665405273438 2.493444204330444),OUTSIDE,1575495000
20193381839400,20193381840000,2019,338,18,39,-73.279335,5.892806,POINT (-73.27933502197266 5.892806053161621),OUTSIDE,1575495000
20193381839400,20193381840000,2019,338,18,39,-67.62995,-6.664138,POINT (-67.62995147705078 -6.664137840270996),AMAZONAS,1575495000
20193381839400,20193381840000,2019,338,18,39,-64.26806,-6.3792896,POINT (-64.26805877685547 -6.379289627075195),AMAZONAS,1575495000
20193381839400,20193381840000,2019,338,18,39,-66.55753,35.025356,POINT (-66.55753326416016 35.02535629272461),OUTSIDE,1575495000
20193381839400,20193381840000,2019,338,18,39,-54.470726,-21.691374,POINT (-54.47072601318359 -21.69137382507324),MATO GROSSO DO SUL,1575495000
20193381839400,20193381840000,2019,338,18,39,-55.46122,-15.958349,POINT (-55.46121978759766 -15.95834922790527),MATO GROSSO,1575495000
20193381839400,20193381840000,2019,338,18,39,-53.40259,-29.482845,POINT (-53.40259170532227 -29.48284530639648),RIO GRANDE DO SUL,1575495000
20193381839400,20193381840000,2019,338,18,39,-68.16026,-8.503766,POINT (-68.16026306152344 -8.503766059875488),AMAZONAS,1575495000
20193381839400,20193381840000,2019,338,18,39,-78.55596,8.44453,POINT (-78.55596160888672 8.44452953338623),OUTSIDE,1575495000
20193381839400,20193381840000,2019,338,18,39,-47.89483,-20.690329,POINT (-47.89482879638672 -20.69032859802246),SAO PAULO,1575495000
20193381839400,20193381840000,2019,338,18,39,-54.986015,-27.25812,POINT (-54.98601531982422 -27.25811958312988),OUTSIDE,1575495000
20193381839400,20193381840000,2019,338,18,39,-53.556625,-25.82047,POINT (-53.55662536621094 -25.82047080993652),PARANA,1575495000
20193381839400,20193381840000,2019,338,18,39,-58.30965,-23.456564,POINT (-58.30965042114258 -23.45656394958496),OUTSIDE,1575495000
20193381839400,20193381840000,2019,338,18,39,-67.59124,-6.6469836,POINT (-67.59123992919922 -6.646983623504639),AMAZONAS,1575495000
20193381839400,20193381840000,2019,338,18,39,-44.539032,-15.878324,POINT (-44.53903198242188 -15.87832355499268),MINAS GERAIS,1575495000
20193381839400,20193381840000,2019,338,18,39,-64.02673,-7.189017,POINT (-64.0267333984375 -7.189016819000244),AMAZONAS,1575495000
20193381839400,20193381840000,2019,338,18,39,-46.71666,-17.736074,POINT (-46.71665954589844 -17.73607444763184),MINAS GERAIS,1575495000
20193381839400,20193381840000,2019,338,18,39,-47.886578,-6.2350383,POINT (-47.88657760620117 -6.235038280487061),TOCANTINS,1575495000
20193381839400,20193381840000,2019,338,18,39,-70.12644,33.510254,POINT (-70.12644195556641 33.51025390625),OUTSIDE,1575495000
20193381839400,20193381840000,2019,338,18,39,-59.8039,-24.130596,POINT (-59.80390167236328 -24.13059616088867),OUTSIDE,1575495000
20193381839400,20193381840000,2019,338,18,39,-44.664448,-9.900477,POINT (-44.66444778442383 -9.900477409362793),PIAUI,1575495000
20193381839400,20193381840000,2019,338,18,39,-49.969482,-1.1627795,POINT (-49.969482421875 -1.162779450416565),PARA,1575495000
20193381839400,20193381840000,2019,338,18,39,-50.47916,-6.287586,POINT (-50.47916030883789 -6.287586212158203),PARA,1575495000
20193381839400,20193381840000,2019,338,18,39,-65.86506,-6.356713,POINT (-65.86505889892578 -6.356712818145752),AMAZONAS,1575495000
20193381839400,20193381840000,2019,338,18,39,-46.29359,-23.524178,POINT (-46.2935905456543 -23.52417755126953),SAO PAULO,1575495000
20193381839400,20193381840000,2019,338,18,39,-73.52023,-8.272105,POINT (-73.52023315429688 -8.27210521697998),ACRE,1575495000
20193381839400,20193381840000,2019,338,18,39,-47.93571,-6.329023,POINT (-47.93571090698242 -6.329022884368896),TOCANTINS,1575495000
20193381839400,20193381840000,2019,338,18,39,-59.839344,-10.173651,POINT (-59.8393440246582 -10.17365074157715),MATO GROSSO,1575495000
20193381839400,20193381840000,2019,338,18,39,-47.2942,-10.167092,POINT (-47.2942008972168 -10.16709232330322),TOCANTINS,1575495000
20193381839400,20193381840000,2019,338,18,39,-65.80461,-9.451351,POINT (-65.80461120605469 -9.451351165771484),AMAZONAS,1575495000
20193381839400,20193381840000,2019,338,18,39,-52.008,-29.616924,POINT (-52.00799942016602 -29.61692428588867),RIO GRANDE DO SUL,1575495000
20193381839400,20193381840000,2019,338,18,39,-55.56935,-16.079372,POINT (-55.56935119628906 -16.07937240600586),MATO GROSSO,1575495000
20193381839400,20193381840000,2019,338,18,39,-56.521,-26.035809,POINT (-56.52099990844727 -26.03580856323242),OUTSIDE,1575495000
20193381839400,20193381840000,2019,338,18,39,-56.598454,-14.598453,POINT (-56.59845352172852 -14.5984525680542),MATO GROSSO,1575495000
20193381839400,20193381840000,2019,338,18,39,-47.953243,-5.973717,POINT (-47.95324325561523 -5.973717212677002),TOCANTINS,1575495000
20193381839400,20193381840000,2019,338,18,39,-70.84971,0.038154572,POINT (-70.84970855712891 0.03815457224845886),OUTSIDE,1575495000
20193381839400,20193381840000,2019,338,18,39,-73.646935,-4.679829,POINT (-73.64693450927734 -4.679829120635986),OUTSIDE,1575495000
20193381839400,20193381840000,2019,338,18,39,-66.86547,-9.003277,POINT (-66.86547088623047 -9.003276824951172),AMAZONAS,1575495000
20193381839400,20193381840000,2019,338,18,39,-71.21622,-0.5635937,POINT (-71.21621704101562 -0.5635936856269836),OUTSIDE,1575495000
20193381839400,20193381840000,2019,338,18,39,-53.547703,-21.01329,POINT (-53.54770278930664 -21.01329040527344),MATO GROSSO DO SUL,1575495000
20193381839400,20193381840000,2019,338,18,39,-45.970295,-3.1124825,POINT (-45.97029495239258 -3.11248254776001),MARANHAO,1575495000
20193381839400,20193381840000,2019,338,18,39,-56.802776,-26.037037,POINT (-56.80277633666992 -26.03703689575195),OUTSIDE,1575495000
20193381839400,20193381840000,2019,338,18,39,-47.80582,-16.668753,POINT (-47.80582046508789 -16.66875267028809),GOIAS,1575495000
20193381839400,20193381840000,2019,338,18,39,-55.509525,-16.081593,POINT (-55.50952529907227 -16.08159255981445),MATO GROSSO,1575495000
20193381839400,20193381840000,2019,338,18,39,-54.386036,-10.921715,POINT (-54.38603591918945 -10.92171478271484),MATO GROSSO,1575495000
20193381839400,20193381840000,2019,338,18,39,-56.58196,-25.80729,POINT (-56.58195877075195 -25.80728912353516),OUTSIDE,1575495000
20193381839400,20193381840000,2019,338,18,39,-57.127045,-14.289193,POINT (-57.12704467773438 -14.28919315338135),MATO GROSSO,1575495000
20193381839400,20193381840000,2019,338,18,39,-47.32004,-10.135476,POINT (-47.32004165649414 -10.13547611236572),TOCANTINS,1575495000
20193381839400,20193381840000,2019,338,18,39,-54.285225,-20.135485,POINT (-54.28522491455078 -20.13548469543457),MATO GROSSO DO SUL,1575495000
20193381839400,20193381840000,2019,338,18,39,-64.7563,36.966633,POINT (-64.75630187988281 36.96663284301758),OUTSIDE,1575495000
20193381839400,20193381840000,2019,338,18,39,-53.18754,-8.334823,POINT (-53.18753814697266 -8.334822654724121),PARA,1575495000
20193381839400,20193381840000,2019,338,18,39,-75.048805,10.753592,POINT (-75.04880523681641 10.75359153747559),OUTSIDE,1575495000
20193381839400,20193381840000,2019,338,18,39,-47.982155,-6.3356285,POINT (-47.98215484619141 -6.335628509521484),TOCANTINS,1575495000
20193381839400,20193381840000,2019,338,18,39,-58.589573,-24.578403,POINT (-58.58957290649414 -24.57840347290039),OUTSIDE,1575495000
20193381839400,20193381840000,2019,338,18,39,-46.547043,-17.251795,POINT (-46.54704284667969 -17.25179481506348),MINAS GERAIS,1575495000
20193381839400,20193381840000,2019,338,18,39,-58.124172,-23.803068,POINT (-58.12417221069336 -23.80306816101074),OUTSIDE,1575495000
20193381839400,20193381840000,2019,338,18,39,-60.180035,-4.6861744,POINT (-60.18003463745117 -4.686174392700195),AMAZONAS,1575495000
20193381839400,20193381840000,2019,338,18,39,-61.442017,-21.978367,POINT (-61.4420166015625 -21.97836685180664),OUTSIDE,1575495000
